student_id,gender,parental_education,internet_access,tutoring,study_hours_per_day,attendance_pct,previous_marks,assignments_completed_pct,sleep_hours,extracurricular_activities,tutoring_hours_per_week,social_media_hours,final_score,grade,at_risk,pass_fail
S0001,male,bachelors,yes,no,6.8,63,77,59,7.4,5,0.0,1.2,52,D,0,1
S0002,female,bachelors,yes,no,3.7,87,72,51,9.0,5,0.0,4.5,63,C,0,1
S0003,male,some_college,yes,no,5.5,78,47,78,4.5,2,0.0,5.6,45,F,1,0
S0004,male,bachelors,yes,no,6.6,75,69,73,7.5,4,0.0,3.7,60,C,0,1
S0005,male,bachelors,yes,yes,4.9,60,44,92,9.6,3,3.8,4.3,47,F,1,0
S0006,female,high_school,yes,yes,5.9,95,60,71,7.3,2,2.1,4.8,60,C,0,1
S0007,male,masters,yes,no,4.0,85,84,86,9.0,1,0.0,0.5,68,C,0,1
S0008,male,bachelors,yes,no,4.6,67,79,47,6.2,1,0.0,5.8,53,D,0,1
S0009,male,masters,yes,no,4.6,90,65,100,7.0,3,0.0,4.6,67,C,0,1
S0010,female,bachelors,yes,no,3.5,68,47,76,7.0,0,0.0,3.7,46,F,1,0
S0011,male,bachelors,no,yes,4.6,63,77,93,4.3,0,4.0,2.8,49,F,1,0
S0012,male,some_college,yes,no,1.9,64,65,59,5.6,1,0.0,1.0,42,F,1,0
S0013,male,masters,no,no,4.0,48,23,88,5.7,3,0.0,2.5,29,F,1,0
S0014,male,masters,yes,no,4.4,82,79,56,8.0,0,0.0,3.7,52,D,0,1
S0015,female,no_education,yes,no,4.5,48,65,79,8.0,4,0.0,1.3,38,F,1,0
S0016,male,no_education,yes,no,4.5,57,87,63,7.4,1,0.0,2.9,55,D,0,1
S0017,female,some_college,yes,yes,4.9,44,45,77,8.0,5,2.3,1.2,33,F,1,0
S0018,female,bachelors,no,no,6.0,74,10,93,6.8,4,0.0,2.4,36,F,1,0
S0019,female,masters,yes,no,6.7,73,70,57,8.4,3,0.0,1.0,52,D,0,1
S0020,male,high_school,no,no,3.7,70,70,59,7.0,5,0.0,0.8,44,F,1,0
S0021,female,bachelors,yes,no,2.6,59,35,88,7.1,4,0.0,3.5,38,F,1,0
S0022,male,some_college,no,yes,2.9,57,47,100,6.7,0,0.5,2.1,36,F,1,0
S0023,female,masters,yes,yes,4.0,82,100,79,7.8,0,2.5,2.3,60,C,0,1
S0024,female,bachelors,yes,no,4.3,67,59,91,6.5,5,0.0,2.0,50,D,0,1
S0025,female,bachelors,yes,no,3.5,80,78,77,8.2,2,0.0,7.1,52,D,0,1
S0026,female,some_college,yes,yes,2.4,62,53,100,5.6,1,1.4,3.9,39,F,1,0
S0027,female,some_college,yes,yes,4.1,78,27,41,5.7,5,0.2,4.1,41,F,1,0
S0028,female,some_college,yes,no,5.4,95,62,78,7.8,3,0.0,1.8,65,C,0,1
S0029,female,high_school,no,yes,6.2,84,60,40,6.9,1,2.1,3.8,43,F,1,0
S0030,female,masters,yes,no,3.9,69,58,32,6.5,4,0.0,2.7,53,D,0,1
S0031,male,bachelors,yes,no,4.2,79,63,85,8.1,3,0.0,1.8,52,D,0,1
S0032,male,masters,yes,no,3.1,71,70,85,6.3,3,0.0,5.9,49,F,1,0
S0033,female,masters,yes,yes,4.9,75,62,76,6.8,0,3.4,3.9,50,D,0,1
S0034,female,bachelors,yes,yes,3.3,70,42,77,8.7,4,2.7,3.8,44,F,1,0
S0035,female,bachelors,yes,no,6.1,73,74,100,8.8,0,0.0,1.5,69,C,0,1
S0036,male,masters,yes,no,1.4,78,30,77,8.9,0,0.0,1.1,31,F,1,0
S0037,female,bachelors,yes,no,4.3,60,28,89,6.7,2,0.0,2.9,28,F,1,0
S0038,male,high_school,yes,yes,5.6,60,78,60,8.5,0,1.9,2.1,52,D,0,1
S0039,male,some_college,yes,no,5.4,54,74,82,5.9,1,0.0,3.9,52,D,0,1
S0040,male,high_school,yes,no,10.4,51,64,68,5.9,3,0.0,4.0,51,D,0,1
S0041,male,masters,yes,no,5.7,57,40,74,4.2,0,0.0,3.1,41,F,1,0
S0042,male,bachelors,yes,no,3.0,77,52,100,9.0,5,0.0,4.2,44,F,1,0
S0043,female,high_school,yes,no,4.8,62,60,97,6.0,1,0.0,3.3,42,F,1,0
S0044,female,bachelors,yes,no,1.4,83,36,82,6.8,4,0.0,1.7,44,F,1,0
S0045,female,bachelors,no,yes,4.8,76,52,33,5.9,3,3.5,2.7,52,D,0,1
S0046,female,some_college,yes,no,3.3,45,77,69,7.8,5,0.0,3.2,48,F,1,0
S0047,female,high_school,no,yes,6.8,85,91,100,6.5,5,1.0,4.4,69,C,0,1
S0048,male,bachelors,yes,no,3.9,87,57,74,5.4,4,0.0,3.3,46,F,1,0
S0049,female,bachelors,yes,no,4.8,60,79,100,7.5,5,0.0,2.1,60,C,0,1
S0050,female,bachelors,yes,yes,3.7,81,31,100,5.3,1,2.8,4.4,39,F,1,0
S0051,male,bachelors,no,yes,8.5,62,77,83,6.0,4,2.8,3.6,66,C,0,1
S0052,female,masters,yes,yes,4.4,76,51,65,4.5,5,2.5,5.3,42,F,1,0
S0053,male,bachelors,no,no,8.7,56,71,30,5.3,4,0.0,3.1,42,F,1,0
S0054,female,bachelors,no,no,6.6,48,61,93,7.2,4,0.0,1.4,40,F,1,0
S0055,male,masters,yes,yes,6.0,69,89,66,4.6,0,3.8,4.8,59,D,0,1
S0056,female,some_college,yes,no,5.7,73,49,80,5.2,0,0.0,2.1,47,F,1,0
S0057,female,high_school,yes,no,5.8,69,76,48,7.0,0,0.0,3.4,60,C,0,1
S0058,male,no_education,yes,yes,1.1,57,60,65,6.3,5,2.8,3.3,42,F,1,0
S0059,male,bachelors,no,yes,4.4,69,62,80,9.4,3,2.7,3.1,43,F,1,0
S0060,male,bachelors,no,no,6.7,79,62,84,9.2,1,0.0,2.7,58,D,0,1
S0061,male,bachelors,yes,no,4.9,74,50,57,6.0,5,0.0,0.5,41,F,1,0
S0062,male,high_school,yes,no,2.2,78,65,97,7.7,0,0.0,1.5,48,F,1,0
S0063,male,high_school,yes,yes,4.9,65,64,61,7.9,4,2.0,4.7,49,F,1,0
S0064,male,no_education,yes,yes,8.4,93,69,37,6.3,5,2.3,3.6,55,D,0,1
S0065,male,some_college,no,no,7.5,57,67,74,5.2,4,0.0,5.9,52,D,0,1
S0066,female,bachelors,yes,yes,4.9,82,79,80,7.0,4,4.5,1.4,75,B,0,1
S0067,female,some_college,yes,yes,6.9,93,82,79,6.8,4,1.5,3.0,67,C,0,1
S0068,male,some_college,yes,yes,4.3,82,46,100,6.5,2,1.8,4.7,48,F,1,0
S0069,female,masters,yes,no,1.6,72,81,77,7.5,3,0.0,2.2,54,D,0,1
S0070,female,some_college,yes,no,3.2,67,44,74,6.1,1,0.0,2.3,37,F,1,0
S0071,female,bachelors,yes,no,8.1,91,76,57,5.6,1,0.0,2.6,65,C,0,1
S0072,female,bachelors,yes,no,4.5,54,76,95,7.1,0,0.0,2.3,45,F,1,0
S0073,male,some_college,yes,yes,4.5,60,31,80,7.5,2,0.7,3.8,41,F,1,0
S0074,female,bachelors,no,no,4.4,69,67,71,5.6,5,0.0,0.3,57,D,0,1
S0075,male,masters,yes,yes,8.8,94,57,44,8.1,5,2.6,5.5,53,D,0,1
S0076,female,masters,yes,no,8.3,81,51,100,4.9,1,0.0,1.6,52,D,0,1
S0077,female,high_school,yes,no,9.4,60,89,48,6.3,3,0.0,0.0,57,D,0,1
S0078,female,masters,yes,no,4.7,70,53,70,6.7,4,0.0,3.0,52,D,0,1
S0079,male,some_college,yes,no,5.6,66,50,83,6.2,0,0.0,2.4,51,D,0,1
S0080,female,some_college,yes,no,2.0,64,66,52,6.3,3,0.0,2.7,46,F,1,0
S0081,male,some_college,yes,yes,8.0,90,77,46,9.2,1,0.6,3.5,53,D,0,1
S0082,female,masters,yes,no,2.7,54,62,40,6.0,2,0.0,4.0,36,F,1,0
S0083,male,some_college,yes,no,5.4,99,86,90,9.9,0,0.0,5.5,61,C,0,1
S0084,female,some_college,yes,no,2.8,87,75,65,7.5,1,0.0,2.0,56,D,0,1
S0085,male,bachelors,no,no,3.8,91,26,100,7.1,5,0.0,4.2,46,F,1,0
S0086,male,high_school,yes,no,3.3,68,55,53,7.6,0,0.0,4.1,36,F,1,0
S0087,female,high_school,yes,yes,3.8,73,55,55,10.0,1,2.6,0.0,41,F,1,0
S0088,male,high_school,yes,no,3.9,54,74,62,5.8,5,0.0,1.8,47,F,1,0
S0089,female,high_school,yes,yes,3.9,67,18,78,5.7,5,2.4,1.1,31,F,1,0
S0090,female,high_school,yes,no,6.7,82,100,64,6.1,4,0.0,3.7,65,C,0,1
S0091,female,high_school,yes,no,2.8,94,75,85,7.0,2,0.0,3.5,67,C,0,1
S0092,female,bachelors,no,no,5.4,58,68,59,4.9,4,0.0,3.5,53,D,0,1
S0093,female,high_school,yes,no,7.4,70,86,45,7.0,1,0.0,2.5,47,F,1,0
S0094,female,some_college,yes,no,4.0,73,100,40,9.0,3,0.0,2.7,57,D,0,1
S0095,female,masters,yes,yes,3.6,54,81,38,7.2,4,0.8,3.0,63,C,0,1
S0096,female,some_college,yes,no,4.5,84,82,66,6.6,3,0.0,2.4,62,C,0,1
S0097,female,bachelors,yes,yes,7.4,64,67,73,6.3,5,2.8,4.2,56,D,0,1
S0098,female,high_school,yes,no,5.4,72,62,60,8.1,1,0.0,1.4,56,D,0,1
S0099,female,high_school,yes,yes,3.9,68,56,98,6.0,2,1.5,1.8,48,F,1,0
S0100,male,no_education,no,yes,6.0,63,50,95,9.2,3,0.9,3.2,46,F,1,0
S0101,male,high_school,yes,no,2.8,75,53,66,9.3,1,0.0,2.4,41,F,1,0
S0102,female,some_college,yes,yes,6.4,72,41,40,7.3,3,0.5,1.3,46,F,1,0
S0103,female,high_school,yes,no,5.8,69,64,62,7.0,4,0.0,3.8,53,D,0,1
S0104,female,high_school,yes,yes,4.4,64,35,61,8.2,1,2.5,2.1,43,F,1,0
S0105,female,high_school,yes,yes,3.3,80,68,60,8.3,4,0.5,1.7,49,F,1,0
S0106,female,some_college,yes,no,3.2,100,64,62,6.0,0,0.0,2.7,53,D,0,1
S0107,female,high_school,yes,yes,6.1,77,68,60,6.4,1,4.7,1.7,45,F,1,0
S0108,female,some_college,no,yes,7.5,90,56,68,5.4,3,3.2,2.9,53,D,0,1
S0109,female,bachelors,yes,no,3.7,54,100,66,7.5,0,0.0,2.5,60,C,0,1
S0110,male,bachelors,yes,yes,5.9,77,89,83,7.8,4,2.7,2.2,69,C,0,1
S0111,female,no_education,no,no,0.8,59,43,77,5.4,4,0.0,2.2,24,F,1,0
S0112,male,bachelors,yes,yes,3.8,53,69,61,6.5,3,0.6,4.5,35,F,1,0
S0113,female,bachelors,yes,yes,4.9,64,54,100,5.4,0,1.9,3.6,47,F,1,0
S0114,female,high_school,yes,no,3.2,93,47,53,5.9,5,0.0,0.4,52,D,0,1
S0115,male,masters,yes,yes,3.1,89,41,50,7.7,2,2.8,4.3,46,F,1,0
S0116,female,masters,yes,yes,3.7,79,73,90,6.1,3,2.8,3.8,51,D,0,1
S0117,male,high_school,no,no,5.6,52,53,57,6.6,4,0.0,3.7,35,F,1,0
S0118,female,some_college,yes,yes,4.6,72,82,82,5.0,1,0.4,4.3,56,D,0,1
S0119,female,bachelors,yes,no,0.5,80,83,31,7.2,0,0.0,3.0,56,D,0,1
S0120,male,bachelors,yes,yes,0.8,78,90,100,6.9,5,3.0,3.9,59,D,0,1
S0121,female,high_school,yes,no,3.8,47,50,86,6.1,2,0.0,2.3,42,F,1,0
S0122,male,high_school,yes,no,5.9,62,74,43,6.8,1,0.0,4.3,53,D,0,1
S0123,female,some_college,yes,no,0.0,74,76,46,7.2,0,0.0,3.3,39,F,1,0
S0124,male,some_college,no,no,4.0,83,56,100,6.0,5,0.0,0.9,57,D,0,1
S0125,male,bachelors,yes,no,3.9,42,51,64,5.2,3,0.0,4.6,36,F,1,0
S0126,female,some_college,yes,no,7.8,73,94,59,9.2,5,0.0,2.8,57,D,0,1
S0127,female,some_college,yes,yes,4.2,77,69,31,6.2,3,1.9,2.6,58,D,0,1
S0128,male,bachelors,yes,no,5.8,88,76,72,6.9,0,0.0,2.3,61,C,0,1
S0129,female,no_education,yes,no,5.3,85,50,65,8.2,5,0.0,2.4,40,F,1,0
S0130,female,some_college,yes,no,0.7,84,43,90,11.2,2,0.0,3.3,36,F,1,0
S0131,female,bachelors,yes,no,6.5,63,55,51,5.5,5,0.0,1.5,41,F,1,0
S0132,male,masters,yes,no,5.4,46,63,52,7.5,0,0.0,0.6,41,F,1,0
S0133,male,bachelors,yes,yes,6.0,69,46,88,6.2,1,4.1,1.4,48,F,1,0
S0134,male,bachelors,yes,yes,12.0,90,65,99,6.4,1,0.7,3.6,70,C,0,1
S0135,male,high_school,no,no,0.8,96,35,42,6.1,5,0.0,2.8,35,F,1,0
S0136,male,some_college,yes,no,8.4,86,45,98,5.6,5,0.0,4.7,57,D,0,1
S0137,male,bachelors,yes,no,4.4,81,77,80,7.0,3,0.0,2.9,62,C,0,1
S0138,male,high_school,yes,no,5.6,81,76,95,5.2,0,0.0,4.3,54,D,0,1
S0139,male,some_college,no,no,4.9,67,58,75,8.1,3,0.0,2.0,52,D,0,1
S0140,male,some_college,no,no,4.2,73,47,26,7.1,2,0.0,2.3,32,F,1,0
S0141,female,no_education,yes,yes,3.9,100,47,67,7.5,1,0.8,3.0,55,D,0,1
S0142,male,some_college,no,yes,5.7,61,58,97,6.4,4,2.4,2.8,56,D,0,1
S0143,female,high_school,yes,no,2.0,99,77,55,6.6,4,0.0,2.6,56,D,0,1
S0144,female,some_college,yes,no,6.5,70,82,68,7.3,0,0.0,1.7,60,C,0,1
S0145,female,high_school,yes,yes,4.2,95,56,69,5.6,0,1.6,0.6,48,F,1,0
S0146,male,masters,yes,no,2.7,54,44,24,6.6,4,0.0,3.9,31,F,1,0
S0147,male,bachelors,yes,no,4.1,84,70,100,6.0,0,0.0,3.8,65,C,0,1
S0148,male,bachelors,no,no,7.5,64,50,61,5.9,1,0.0,2.1,48,F,1,0
S0149,male,bachelors,yes,no,3.9,54,56,89,4.5,2,0.0,3.6,43,F,1,0
S0150,female,some_college,yes,no,5.7,78,89,74,8.6,2,0.0,2.8,52,D,0,1
S0151,male,high_school,yes,yes,3.5,90,80,98,6.2,3,2.2,4.7,58,D,0,1
S0152,male,bachelors,yes,no,6.5,62,68,87,8.4,1,0.0,1.0,63,C,0,1
S0153,male,bachelors,yes,no,6.4,53,42,74,8.3,0,0.0,2.8,44,F,1,0
S0154,male,bachelors,yes,yes,8.7,74,69,61,5.5,0,1.8,2.7,60,C,0,1
S0155,male,some_college,yes,no,4.6,74,84,92,5.7,3,0.0,3.2,59,D,0,1
S0156,female,high_school,no,no,6.3,83,58,36,10.1,3,0.0,5.3,42,F,1,0
S0157,male,some_college,yes,no,5.2,89,89,89,9.1,0,0.0,2.8,66,C,0,1
S0158,female,some_college,yes,no,7.6,74,88,54,7.0,0,0.0,4.1,54,D,0,1
S0159,male,bachelors,yes,yes,3.6,100,95,100,7.3,1,3.8,2.8,65,C,0,1
S0160,female,bachelors,yes,no,6.5,78,70,82,6.2,3,0.0,4.6,55,D,0,1
S0161,male,some_college,yes,no,4.6,70,76,89,7.5,1,0.0,4.1,57,D,0,1
S0162,male,masters,yes,no,4.9,51,90,84,6.1,5,0.0,2.5,47,F,1,0
S0163,female,bachelors,no,yes,5.2,71,73,44,4.6,0,2.1,2.4,47,F,1,0
S0164,female,high_school,yes,no,5.5,70,56,56,5.4,4,0.0,3.7,40,F,1,0
S0165,female,high_school,no,no,4.8,89,57,86,7.0,4,0.0,2.0,49,F,1,0
S0166,male,high_school,no,yes,5.4,82,69,76,5.6,5,1.9,3.3,59,D,0,1
S0167,female,high_school,yes,yes,8.2,57,42,97,6.9,0,2.8,2.5,48,F,1,0
S0168,male,high_school,no,no,7.0,78,62,81,5.7,3,0.0,3.6,47,F,1,0
S0169,male,high_school,yes,no,6.7,85,85,54,6.1,4,0.0,2.8,62,C,0,1
S0170,female,some_college,no,yes,4.1,98,26,60,8.0,3,0.4,2.0,36,F,1,0
S0171,female,high_school,yes,no,3.2,88,93,75,7.3,4,0.0,4.7,65,C,0,1
S0172,male,masters,no,no,6.9,86,85,36,7.0,3,0.0,3.4,67,C,0,1
S0173,male,high_school,no,no,6.8,76,57,100,8.1,4,0.0,2.9,56,D,0,1
S0174,female,bachelors,no,yes,7.9,81,75,88,7.6,3,0.7,3.6,74,C,0,1
S0175,female,some_college,yes,no,3.8,94,65,100,8.7,5,0.0,0.5,50,D,0,1
S0176,female,masters,yes,yes,4.5,55,87,50,6.4,1,1.8,6.1,52,D,0,1
S0177,male,high_school,yes,no,1.7,70,83,98,6.5,3,0.0,3.0,46,F,1,0
S0178,male,some_college,yes,yes,4.2,63,40,100,5.4,1,3.4,0.1,41,F,1,0
S0179,male,masters,yes,yes,7.0,81,76,56,6.5,1,2.4,4.8,61,C,0,1
S0180,male,masters,yes,no,4.1,93,61,97,8.2,0,0.0,1.9,71,C,0,1
S0181,male,bachelors,yes,yes,6.3,66,66,79,8.6,5,0.4,4.6,54,D,0,1
S0182,male,some_college,no,no,4.6,39,52,45,8.2,1,0.0,3.2,31,F,1,0
S0183,female,high_school,yes,yes,5.6,69,96,83,4.8,2,2.6,0.6,65,C,0,1
S0184,male,bachelors,no,no,2.7,89,84,96,8.3,1,0.0,3.4,59,D,0,1
S0185,male,masters,yes,yes,5.2,83,52,70,4.8,3,0.5,3.3,60,C,0,1
S0186,male,bachelors,no,yes,0.0,81,41,100,8.1,1,1.9,4.7,44,F,1,0
S0187,female,bachelors,no,yes,4.6,71,58,46,6.6,3,1.5,3.8,49,F,1,0
S0188,male,some_college,yes,no,1.7,56,73,46,7.8,3,0.0,1.1,33,F,1,0
S0189,male,bachelors,yes,no,7.4,83,69,82,5.4,2,0.0,4.5,70,C,0,1
S0190,female,high_school,yes,no,6.6,62,88,74,8.4,1,0.0,2.4,54,D,0,1
S0191,male,some_college,yes,no,5.9,100,79,62,5.2,1,0.0,5.6,62,C,0,1
S0192,male,some_college,yes,no,8.0,84,82,92,6.2,4,0.0,2.5,64,C,0,1
S0193,male,bachelors,yes,yes,3.1,66,71,90,5.8,4,3.0,2.7,46,F,1,0
S0194,male,high_school,yes,no,8.5,66,40,90,4.9,0,0.0,1.8,40,F,1,0
S0195,male,high_school,yes,no,6.9,74,61,71,7.1,3,0.0,2.3,55,D,0,1
S0196,female,bachelors,yes,no,4.5,71,84,91,9.2,2,0.0,1.9,48,F,1,0
S0197,female,some_college,yes,no,7.3,92,64,67,10.2,4,0.0,4.8,57,D,0,1
S0198,female,bachelors,yes,yes,2.8,78,74,100,7.1,1,1.7,1.0,63,C,0,1
S0199,male,high_school,no,no,3.4,64,59,57,8.3,0,0.0,4.2,42,F,1,0
S0200,male,some_college,yes,no,3.8,100,46,100,7.3,2,0.0,4.2,59,D,0,1
S0201,male,bachelors,no,no,3.9,76,63,80,7.6,5,0.0,5.1,46,F,1,0
S0202,female,high_school,yes,no,2.9,87,71,45,6.6,1,0.0,3.1,43,F,1,0
S0203,male,some_college,yes,yes,7.4,66,53,100,7.2,1,0.9,1.5,59,D,0,1
S0204,male,high_school,yes,yes,4.5,80,61,76,7.6,5,2.5,2.7,52,D,0,1
S0205,female,high_school,yes,no,5.7,80,48,90,6.3,3,0.0,3.9,50,D,0,1
S0206,male,masters,yes,no,3.9,47,85,100,6.9,3,0.0,3.1,52,D,0,1
S0207,female,some_college,yes,yes,1.4,100,60,83,6.9,4,1.9,3.6,59,D,0,1
S0208,female,bachelors,yes,yes,5.5,94,91,67,8.0,4,2.0,5.0,78,B,0,1
S0209,female,some_college,yes,yes,1.2,69,93,96,5.7,1,3.6,3.9,62,C,0,1
S0210,male,bachelors,yes,yes,4.9,58,64,79,6.9,1,1.3,3.3,37,F,1,0
S0211,male,bachelors,yes,no,2.3,80,47,93,9.3,4,0.0,0.2,45,F,1,0
S0212,male,bachelors,yes,no,9.0,76,27,36,8.4,5,0.0,1.8,39,F,1,0
S0213,male,some_college,yes,yes,6.8,80,39,85,8.6,4,3.2,2.4,57,D,0,1
S0214,male,some_college,yes,no,5.2,78,40,63,7.0,1,0.0,0.0,46,F,1,0
S0215,male,some_college,yes,yes,7.5,83,90,100,7.4,2,1.7,1.3,74,C,0,1
S0216,male,masters,no,yes,3.3,97,67,94,8.2,1,0.0,2.6,56,D,0,1
S0217,female,bachelors,yes,no,6.1,84,72,84,8.9,2,0.0,2.8,55,D,0,1
S0218,male,masters,yes,no,5.4,59,25,92,4.7,2,0.0,3.8,33,F,1,0
S0219,female,high_school,no,no,5.5,95,43,53,5.4,1,0.0,2.7,37,F,1,0
S0220,male,bachelors,yes,yes,7.5,100,81,100,8.6,0,3.8,3.4,67,C,0,1
S0221,male,masters,yes,no,6.5,100,70,100,6.7,4,0.0,2.4,62,C,0,1
S0222,male,high_school,yes,no,5.6,58,62,81,6.2,3,0.0,3.1,42,F,1,0
S0223,female,high_school,yes,no,1.7,79,75,100,5.5,1,0.0,3.7,46,F,1,0
S0224,female,bachelors,yes,no,3.1,44,94,68,6.3,2,0.0,5.2,50,D,0,1
S0225,female,bachelors,yes,no,4.8,83,61,63,5.3,1,0.0,2.2,53,D,0,1
S0226,female,bachelors,yes,yes,5.2,67,66,80,9.5,4,2.0,3.2,54,D,0,1
S0227,male,high_school,yes,yes,2.7,100,68,82,7.0,5,3.0,4.3,66,C,0,1
S0228,female,bachelors,no,yes,9.8,63,100,71,6.9,2,3.0,0.8,66,C,0,1
S0229,male,high_school,no,yes,8.0,50,27,84,7.7,3,3.1,6.0,34,F,1,0
S0230,male,high_school,yes,no,6.2,68,77,79,8.2,3,0.0,4.8,67,C,0,1
S0231,female,high_school,yes,no,5.1,45,63,53,8.1,3,0.0,0.4,45,F,1,0
S0232,female,bachelors,yes,no,4.6,86,75,89,8.3,5,0.0,3.6,62,C,0,1
S0233,female,bachelors,yes,yes,3.1,44,53,96,6.2,0,1.8,2.2,40,F,1,0
S0234,female,bachelors,yes,no,5.2,75,64,82,6.6,2,0.0,2.4,56,D,0,1
S0235,female,some_college,yes,no,5.5,44,78,99,7.9,5,0.0,3.5,51,D,0,1
S0236,female,masters,no,no,2.5,70,100,58,6.4,2,0.0,4.6,55,D,0,1
S0237,female,some_college,yes,no,5.7,100,80,85,7.0,5,0.0,2.3,71,C,0,1
S0238,female,bachelors,yes,no,4.7,80,50,56,7.5,5,0.0,2.3,47,F,1,0
S0239,male,some_college,yes,no,1.2,62,57,54,7.9,0,0.0,3.6,30,F,1,0
S0240,female,some_college,yes,yes,3.3,75,57,63,4.9,2,1.3,3.9,34,F,1,0
S0241,female,some_college,no,no,4.2,75,33,57,7.9,5,0.0,1.5,43,F,1,0
S0242,male,some_college,yes,yes,8.8,82,59,65,6.7,0,1.5,5.6,50,D,0,1
S0243,female,bachelors,yes,yes,6.1,54,78,75,7.8,1,3.3,2.0,57,D,0,1
S0244,male,bachelors,yes,yes,2.3,84,42,96,7.9,4,1.4,4.4,43,F,1,0
S0245,male,high_school,yes,no,6.0,34,84,67,8.9,5,0.0,3.7,40,F,1,0
S0246,female,masters,yes,no,1.9,66,74,50,8.6,3,0.0,3.9,43,F,1,0
S0247,male,some_college,yes,no,7.2,68,52,99,8.6,0,0.0,2.1,53,D,0,1
S0248,male,bachelors,yes,yes,4.1,84,62,62,8.7,0,2.3,0.4,47,F,1,0
S0249,male,masters,yes,no,4.8,75,94,81,7.3,5,0.0,3.0,62,C,0,1
S0250,male,bachelors,yes,no,7.7,54,78,88,7.0,0,0.0,3.0,57,D,0,1
S0251,female,high_school,yes,no,2.4,60,65,77,8.0,1,0.0,1.6,38,F,1,0
S0252,male,masters,yes,no,2.2,78,61,100,7.9,0,0.0,4.4,60,C,0,1
S0253,female,bachelors,yes,yes,3.8,74,66,89,6.6,4,1.0,2.9,45,F,1,0
S0254,male,some_college,yes,yes,7.1,66,56,59,7.5,4,2.6,1.8,51,D,0,1
S0255,male,high_school,no,no,2.0,68,27,100,7.0,3,0.0,3.9,40,F,1,0
S0256,male,bachelors,no,yes,0.0,85,100,83,6.0,1,0.0,3.9,49,F,1,0
S0257,male,bachelors,no,no,4.1,67,68,76,8.5,4,0.0,1.9,48,F,1,0
S0258,female,bachelors,yes,no,6.1,74,72,98,7.1,5,0.0,4.9,61,C,0,1
S0259,female,masters,yes,no,7.4,100,64,87,9.5,2,0.0,6.4,61,C,0,1
S0260,male,bachelors,yes,yes,4.1,54,52,87,5.0,2,2.0,1.4,41,F,1,0
S0261,male,high_school,yes,yes,4.2,47,62,100,6.3,2,0.4,2.7,46,F,1,0
S0262,female,some_college,no,yes,7.3,87,36,70,7.0,5,2.1,3.5,48,F,1,0
S0263,male,high_school,yes,no,1.3,65,100,67,8.4,0,0.0,6.4,56,D,0,1
S0264,male,bachelors,yes,no,4.2,70,43,81,7.5,5,0.0,1.9,49,F,1,0
S0265,male,no_education,yes,yes,5.4,63,46,91,7.4,0,2.0,1.6,42,F,1,0
S0266,female,bachelors,yes,no,5.9,71,57,49,5.6,2,0.0,1.6,53,D,0,1
S0267,female,bachelors,yes,no,4.0,99,88,40,5.6,3,0.0,4.8,58,D,0,1
S0268,female,masters,yes,yes,5.1,87,65,70,7.4,3,2.5,1.9,65,C,0,1
S0269,male,some_college,yes,no,0.0,88,43,43,5.4,0,0.0,1.7,33,F,1,0
S0270,male,bachelors,yes,no,3.7,54,88,71,6.4,2,0.0,3.3,50,D,0,1
S0271,female,high_school,yes,yes,5.9,58,78,83,7.6,5,3.2,3.5,55,D,0,1
S0272,female,bachelors,yes,yes,3.0,32,75,61,5.8,3,1.9,4.6,40,F,1,0
S0273,female,high_school,no,no,5.1,63,78,44,8.9,0,0.0,3.1,33,F,1,0
S0274,female,some_college,no,no,5.9,89,100,77,8.5,5,0.0,3.4,69,C,0,1
S0275,male,bachelors,yes,no,4.3,83,100,96,5.1,2,0.0,2.8,65,C,0,1
S0276,female,high_school,yes,no,5.3,72,53,39,5.9,1,0.0,1.0,45,F,1,0
S0277,male,high_school,yes,yes,3.1,75,94,89,4.3,2,2.3,2.7,59,D,0,1
S0278,female,bachelors,yes,yes,4.6,65,72,95,6.1,2,3.1,3.1,56,D,0,1
S0279,male,bachelors,yes,no,6.2,78,74,98,7.9,5,0.0,2.3,53,D,0,1
S0280,female,bachelors,no,yes,5.3,86,35,100,6.5,5,1.3,0.7,44,F,1,0
S0281,female,bachelors,yes,yes,3.8,51,62,100,7.6,4,3.4,1.3,51,D,0,1
S0282,female,bachelors,no,no,5.4,79,50,72,5.2,4,0.0,2.9,47,F,1,0
S0283,female,some_college,yes,no,6.4,89,80,78,8.0,5,0.0,4.4,61,C,0,1
S0284,male,some_college,yes,no,0.9,69,84,68,6.3,5,0.0,5.5,53,D,0,1
S0285,female,high_school,yes,no,7.3,86,28,73,7.0,1,0.0,2.7,47,F,1,0
S0286,male,masters,no,yes,4.3,100,65,100,6.9,1,2.5,1.9,67,C,0,1
S0287,male,bachelors,yes,no,5.9,73,85,52,5.5,2,0.0,2.4,63,C,0,1
S0288,male,some_college,yes,yes,7.4,81,62,59,5.6,3,1.7,1.4,57,D,0,1
S0289,male,some_college,yes,no,2.3,64,78,100,8.2,1,0.0,4.2,54,D,0,1
S0290,female,masters,yes,no,3.6,78,71,100,7.5,2,0.0,6.2,56,D,0,1
S0291,male,high_school,yes,no,4.4,82,71,66,8.3,0,0.0,2.0,58,D,0,1
S0292,male,bachelors,yes,no,3.4,78,60,96,7.4,4,0.0,1.2,56,D,0,1
S0293,male,bachelors,yes,no,8.5,60,43,86,7.2,3,0.0,4.5,49,F,1,0
S0294,female,bachelors,yes,yes,3.3,78,45,100,4.9,2,2.0,3.5,41,F,1,0
S0295,female,no_education,yes,no,3.9,97,78,71,6.7,5,0.0,3.5,58,D,0,1
S0296,female,masters,yes,no,5.4,82,65,100,7.0,0,0.0,5.4,54,D,0,1
S0297,female,masters,yes,yes,2.6,89,63,100,9.3,4,1.4,1.0,61,C,0,1
S0298,male,bachelors,yes,no,4.2,71,57,91,7.8,0,0.0,0.9,57,D,0,1
S0299,male,bachelors,yes,no,5.6,86,60,80,8.8,2,0.0,2.8,61,C,0,1
S0300,female,masters,yes,yes,4.3,79,84,96,7.7,1,3.8,3.1,77,B,0,1
S0301,male,bachelors,no,no,4.8,61,59,72,6.1,4,0.0,2.5,41,F,1,0
S0302,male,high_school,yes,no,3.9,80,41,100,7.1,0,0.0,6.7,50,D,0,1
S0303,male,bachelors,yes,no,2.0,60,78,83,7.3,1,0.0,2.5,44,F,1,0
S0304,female,bachelors,yes,no,5.6,66,61,74,5.9,3,0.0,2.2,49,F,1,0
S0305,female,some_college,yes,no,8.5,78,66,59,6.5,2,0.0,3.2,50,D,0,1
S0306,male,bachelors,yes,no,5.0,79,94,100,6.8,2,0.0,4.5,69,C,0,1
S0307,female,masters,yes,no,5.5,57,65,99,8.9,4,0.0,1.9,50,D,0,1
S0308,female,masters,yes,yes,6.4,91,70,72,4.5,0,2.6,2.8,50,D,0,1
S0309,female,some_college,yes,no,2.5,84,44,88,8.4,3,0.0,4.5,43,F,1,0
S0310,female,high_school,yes,no,8.4,64,61,43,5.9,5,0.0,4.6,58,D,0,1
S0311,female,masters,yes,yes,5.4,52,76,86,5.4,4,2.3,3.3,54,D,0,1
S0312,male,bachelors,yes,no,8.3,73,37,88,8.4,5,0.0,6.6,55,D,0,1
S0313,female,high_school,yes,no,3.5,68,69,100,7.9,4,0.0,6.0,53,D,0,1
S0314,male,masters,yes,yes,8.6,77,67,67,8.5,0,2.1,0.9,60,C,0,1
S0315,male,masters,yes,no,6.6,70,66,56,8.0,3,0.0,0.5,55,D,0,1
S0316,female,bachelors,no,no,6.1,45,84,61,9.5,0,0.0,4.2,46,F,1,0
S0317,male,bachelors,yes,no,5.5,69,71,52,7.7,2,0.0,5.0,47,F,1,0
S0318,male,some_college,yes,yes,4.5,70,92,100,6.8,5,0.4,2.7,66,C,0,1
S0319,male,high_school,yes,yes,7.4,85,47,100,7.4,1,1.6,2.2,63,C,0,1
S0320,female,some_college,yes,no,5.3,65,67,82,8.5,2,0.0,1.8,50,D,0,1
S0321,female,bachelors,yes,no,1.1,100,67,100,6.1,2,0.0,1.2,55,D,0,1
S0322,male,no_education,yes,yes,2.8,46,46,73,6.2,5,0.0,4.7,29,F,1,0
S0323,female,some_college,yes,no,4.6,95,82,74,6.6,4,0.0,2.4,73,C,0,1
S0324,female,some_college,yes,yes,5.6,72,100,69,4.5,2,2.4,3.5,58,D,0,1
S0325,female,bachelors,yes,yes,4.9,88,65,73,7.2,3,3.1,0.3,63,C,0,1
S0326,female,masters,yes,no,7.4,76,74,51,4.7,2,0.0,4.5,55,D,0,1
S0327,male,some_college,yes,no,1.1,92,67,81,7.1,3,0.0,3.9,53,D,0,1
S0328,male,some_college,no,yes,5.3,69,52,75,8.0,0,0.0,1.0,41,F,1,0
S0329,female,bachelors,yes,no,1.4,59,32,94,6.4,4,0.0,3.4,30,F,1,0
S0330,female,some_college,yes,yes,6.5,96,52,78,9.0,3,1.7,3.0,62,C,0,1
S0331,male,high_school,no,no,4.8,73,40,70,5.2,2,0.0,2.3,33,F,1,0
S0332,male,some_college,yes,no,5.8,78,96,59,8.4,4,0.0,0.0,66,C,0,1
S0333,female,high_school,yes,yes,3.3,94,63,74,7.8,4,4.5,2.0,58,D,0,1
S0334,male,high_school,yes,yes,7.6,60,59,88,4.9,3,1.9,3.5,53,D,0,1
S0335,female,some_college,no,no,7.1,84,81,53,10.3,3,0.0,2.2,53,D,0,1
S0336,female,some_college,yes,no,6.2,66,45,78,6.9,1,0.0,2.7,52,D,0,1
S0337,male,masters,yes,no,4.7,73,51,87,5.9,1,0.0,5.2,48,F,1,0
S0338,male,some_college,yes,yes,6.2,76,66,62,5.3,4,2.9,2.9,67,C,0,1
S0339,female,bachelors,no,no,3.6,52,84,67,6.7,5,0.0,0.0,39,F,1,0
S0340,female,bachelors,yes,no,6.7,63,74,84,6.8,5,0.0,2.7,69,C,0,1
S0341,male,no_education,yes,no,8.3,95,69,47,7.1,1,0.0,3.1,61,C,0,1
S0342,female,bachelors,yes,no,7.1,88,66,86,6.6,2,0.0,1.8,64,C,0,1
S0343,male,high_school,yes,no,3.5,74,72,55,7.8,0,0.0,4.1,47,F,1,0
S0344,female,masters,yes,no,5.7,79,69,100,6.5,4,0.0,0.8,53,D,0,1
S0345,male,high_school,no,no,2.4,71,46,100,4.7,0,0.0,2.8,34,F,1,0
S0346,male,some_college,yes,no,6.1,95,66,59,6.8,1,0.0,0.8,58,D,0,1
S0347,male,high_school,yes,no,5.9,72,46,84,4.2,3,0.0,2.6,45,F,1,0
S0348,female,masters,yes,yes,1.3,78,66,67,7.4,4,1.8,4.1,57,D,0,1
S0349,female,bachelors,no,no,2.7,92,56,100,5.8,1,0.0,2.8,52,D,0,1
S0350,male,bachelors,yes,no,4.4,63,100,54,7.2,2,0.0,2.7,59,D,0,1
S0351,female,high_school,yes,no,4.4,98,64,83,8.6,4,0.0,3.0,61,C,0,1
S0352,male,bachelors,no,yes,2.6,52,40,62,5.9,4,0.7,3.1,22,F,1,0
S0353,male,high_school,no,yes,5.8,99,63,69,8.3,5,1.6,4.0,50,D,0,1
S0354,female,masters,no,no,5.5,69,74,61,6.5,3,0.0,4.0,44,F,1,0
S0355,female,high_school,no,yes,4.6,71,95,89,9.1,4,1.3,5.1,55,D,0,1
S0356,male,high_school,yes,no,3.5,47,54,56,6.6,3,0.0,3.3,26,F,1,0
S0357,female,no_education,yes,yes,7.1,68,37,81,6.0,1,1.7,0.5,41,F,1,0
S0358,female,some_college,yes,yes,8.3,59,80,69,7.8,2,3.1,4.3,52,D,0,1
S0359,male,bachelors,no,yes,4.0,66,40,77,6.5,2,2.5,5.0,42,F,1,0
S0360,male,high_school,yes,yes,3.8,73,57,76,6.0,4,3.8,6.7,50,D,0,1
S0361,female,bachelors,yes,no,6.0,89,60,64,6.4,4,0.0,5.2,56,D,0,1
S0362,male,some_college,yes,yes,4.3,78,64,80,6.9,1,2.8,2.3,45,F,1,0
S0363,male,bachelors,yes,no,4.7,80,77,100,8.6,5,0.0,3.3,60,C,0,1
S0364,female,some_college,yes,no,6.5,59,53,60,4.7,5,0.0,2.6,45,F,1,0
S0365,male,some_college,no,no,1.2,62,60,99,7.0,5,0.0,2.4,46,F,1,0
S0366,male,bachelors,no,no,7.6,100,65,100,7.7,3,0.0,2.8,75,B,0,1
S0367,female,high_school,yes,no,5.1,64,68,57,7.2,5,0.0,4.9,55,D,0,1
S0368,female,high_school,yes,no,4.2,100,67,44,8.6,2,0.0,0.6,57,D,0,1
S0369,male,masters,yes,yes,4.8,71,73,88,6.9,3,3.8,1.5,58,D,0,1
S0370,male,masters,yes,no,4.9,75,80,71,6.8,1,0.0,4.8,55,D,0,1
S0371,female,some_college,no,no,1.5,91,72,100,7.7,2,0.0,5.2,61,C,0,1
S0372,female,some_college,yes,no,8.0,94,73,77,7.1,2,0.0,2.0,68,C,0,1
S0373,female,bachelors,yes,no,5.1,73,37,63,6.5,0,0.0,5.5,46,F,1,0
S0374,female,some_college,no,no,5.9,69,66,53,7.6,1,0.0,4.5,45,F,1,0
S0375,male,no_education,yes,no,6.9,74,74,92,6.2,1,0.0,2.6,51,D,0,1
S0376,female,high_school,yes,no,3.0,80,78,62,6.3,0,0.0,0.0,50,D,0,1
S0377,female,bachelors,yes,no,5.9,88,53,80,6.4,3,0.0,0.5,55,D,0,1
S0378,male,bachelors,yes,yes,4.5,75,53,98,8.6,5,3.7,2.0,55,D,0,1
S0379,female,no_education,yes,no,6.7,84,55,60,3.1,5,0.0,4.1,44,F,1,0
S0380,male,high_school,yes,yes,0.7,100,75,72,7.5,5,2.6,4.1,59,D,0,1
S0381,female,high_school,yes,yes,4.8,81,84,73,7.0,5,3.0,2.3,67,C,0,1
S0382,female,bachelors,no,no,3.8,80,58,93,5.0,5,0.0,2.7,40,F,1,0
S0383,female,no_education,yes,yes,5.9,52,81,82,7.4,0,0.6,3.0,41,F,1,0
S0384,male,high_school,yes,yes,5.9,36,67,69,7.6,1,1.0,2.7,49,F,1,0
S0385,male,bachelors,yes,yes,3.6,81,63,80,7.7,3,3.1,3.2,48,F,1,0
S0386,female,high_school,yes,no,3.6,74,61,66,3.8,2,0.0,3.0,41,F,1,0
S0387,male,bachelors,yes,no,4.8,67,78,49,8.6,5,0.0,0.5,56,D,0,1
S0388,male,high_school,yes,no,3.2,79,71,78,6.1,0,0.0,2.7,51,D,0,1
S0389,male,high_school,yes,no,6.7,74,100,100,7.8,3,0.0,3.0,68,C,0,1
S0390,male,high_school,no,no,4.3,92,50,55,7.9,3,0.0,4.5,48,F,1,0
S0391,male,bachelors,yes,yes,0.0,76,74,64,5.9,3,2.6,1.8,61,C,0,1
S0392,male,masters,yes,no,4.3,64,55,65,7.8,0,0.0,3.3,55,D,0,1
S0393,female,bachelors,no,no,2.9,90,49,93,6.5,2,0.0,3.8,45,F,1,0
S0394,female,some_college,yes,no,1.7,72,65,85,4.5,5,0.0,2.8,50,D,0,1
S0395,male,bachelors,yes,yes,2.5,83,67,76,8.4,3,3.3,0.4,57,D,0,1
S0396,female,high_school,yes,no,5.2,68,100,55,6.1,0,0.0,4.5,57,D,0,1
S0397,female,some_college,yes,no,7.7,65,62,78,6.0,1,0.0,4.1,48,F,1,0
S0398,female,masters,yes,yes,5.6,76,45,51,6.5,0,1.0,3.3,49,F,1,0
S0399,female,no_education,yes,no,3.8,75,70,73,7.3,0,0.0,3.1,49,F,1,0
S0400,male,high_school,yes,yes,5.9,82,28,90,6.9,0,1.9,0.3,45,F,1,0
S0401,female,high_school,yes,yes,4.1,71,63,48,7.7,3,2.1,4.2,44,F,1,0
S0402,female,no_education,yes,no,3.6,47,65,39,5.4,0,0.0,5.2,39,F,1,0
S0403,male,high_school,yes,yes,2.7,69,79,100,6.1,1,2.4,1.3,49,F,1,0
S0404,male,bachelors,yes,no,1.5,87,83,67,6.9,3,0.0,5.0,53,D,0,1
S0405,female,some_college,yes,no,4.2,71,56,99,9.3,1,0.0,4.7,52,D,0,1
S0406,female,masters,yes,yes,5.3,71,62,79,6.9,4,0.0,1.3,54,D,0,1
S0407,female,bachelors,no,no,4.8,90,51,76,8.3,0,0.0,2.4,50,D,0,1
S0408,female,some_college,yes,yes,4.2,64,45,85,7.0,5,2.1,0.9,51,D,0,1
S0409,female,some_college,yes,yes,3.1,52,71,58,6.4,5,2.6,2.9,51,D,0,1
S0410,female,some_college,yes,yes,6.2,73,42,79,6.7,3,1.6,3.7,38,F,1,0
S0411,male,bachelors,yes,yes,2.4,68,58,71,6.8,5,2.2,1.0,46,F,1,0
S0412,female,some_college,no,yes,6.6,61,47,50,7.7,3,2.6,3.6,35,F,1,0
S0413,female,bachelors,no,no,3.0,72,75,86,8.6,0,0.0,4.0,48,F,1,0
S0414,male,some_college,yes,no,3.5,82,97,71,7.4,2,0.0,4.0,63,C,0,1
S0415,male,bachelors,yes,yes,2.1,75,42,76,8.4,2,2.1,3.7,41,F,1,0
S0416,male,some_college,yes,no,4.0,80,32,52,5.8,1,0.0,1.2,34,F,1,0
S0417,male,some_college,no,no,7.0,100,63,100,6.5,0,0.0,2.8,57,D,0,1
S0418,female,masters,yes,no,6.0,70,65,100,6.1,5,0.0,3.5,61,C,0,1
S0419,female,bachelors,yes,no,7.0,79,69,98,7.4,0,0.0,5.2,70,C,0,1
S0420,female,high_school,yes,yes,6.0,67,57,67,6.6,4,2.2,3.0,39,F,1,0
S0421,female,masters,yes,yes,2.8,62,61,47,7.9,2,3.3,3.6,43,F,1,0
S0422,female,some_college,yes,no,4.3,66,72,100,5.9,5,0.0,1.6,57,D,0,1
S0423,female,masters,yes,no,3.4,68,84,81,7.1,2,0.0,1.3,57,D,0,1
S0424,male,bachelors,yes,yes,7.7,80,30,64,7.8,0,2.6,1.1,44,F,1,0
S0425,female,some_college,yes,no,2.6,100,58,84,4.5,5,0.0,2.4,51,D,0,1
S0426,male,no_education,yes,no,6.8,64,69,93,9.5,1,0.0,6.1,53,D,0,1
S0427,male,some_college,yes,no,6.8,69,48,76,6.7,0,0.0,2.4,47,F,1,0
S0428,female,bachelors,yes,no,8.7,74,96,100,4.6,1,0.0,3.5,68,C,0,1
S0429,male,bachelors,yes,no,4.2,81,54,100,7.2,5,0.0,3.8,55,D,0,1
S0430,female,some_college,yes,no,6.4,79,64,54,7.0,2,0.0,1.4,52,D,0,1
S0431,male,high_school,yes,no,9.6,94,75,60,6.9,4,0.0,2.3,72,C,0,1
S0432,female,bachelors,yes,no,3.8,39,54,98,8.2,3,0.0,3.9,38,F,1,0
S0433,male,masters,yes,yes,1.9,39,32,28,7.9,2,1.1,3.6,20,F,1,0
S0434,female,bachelors,yes,no,1.2,68,57,76,7.4,1,0.0,0.0,56,D,0,1
S0435,female,high_school,yes,no,6.4,91,84,44,7.5,0,0.0,3.9,62,C,0,1
S0436,female,some_college,no,yes,1.2,52,59,66,6.9,5,0.3,2.2,22,F,1,0
S0437,female,no_education,yes,no,4.3,30,50,64,9.1,2,0.0,2.2,35,F,1,0
S0438,female,masters,no,no,5.9,84,82,75,5.2,4,0.0,3.6,66,C,0,1
S0439,male,high_school,yes,no,5.4,79,59,62,7.2,5,0.0,5.3,54,D,0,1
S0440,male,bachelors,yes,yes,5.9,59,56,57,7.1,1,0.3,2.7,49,F,1,0
S0441,male,some_college,yes,yes,5.4,60,68,100,8.0,5,3.0,4.8,65,C,0,1
S0442,female,bachelors,yes,no,7.6,60,79,100,6.0,5,0.0,0.8,55,D,0,1
S0443,male,bachelors,yes,yes,3.1,77,100,56,4.9,0,2.1,3.2,58,D,0,1
S0444,female,bachelors,yes,no,3.6,66,80,100,7.2,3,0.0,2.2,67,C,0,1
S0445,female,high_school,yes,no,3.5,82,86,65,7.3,1,0.0,3.4,69,C,0,1
S0446,male,no_education,yes,yes,6.7,32,56,73,8.8,0,2.2,2.6,35,F,1,0
S0447,male,high_school,yes,no,6.8,62,47,72,5.5,3,0.0,1.0,54,D,0,1
S0448,female,masters,yes,no,5.9,58,66,69,8.4,0,0.0,1.7,54,D,0,1
S0449,male,masters,yes,no,7.4,71,67,100,9.8,3,0.0,0.5,66,C,0,1
S0450,female,bachelors,yes,no,2.6,67,46,82,6.5,3,0.0,1.0,46,F,1,0
S0451,female,bachelors,yes,no,8.3,87,62,69,5.5,3,0.0,3.7,61,C,0,1
S0452,female,bachelors,yes,no,8.0,47,72,53,6.5,0,0.0,2.6,60,C,0,1
S0453,female,high_school,yes,no,6.5,76,71,55,7.0,5,0.0,3.3,53,D,0,1
S0454,female,masters,yes,no,8.6,83,74,49,7.7,3,0.0,5.7,73,C,0,1
S0455,male,some_college,no,no,1.7,100,70,76,6.3,5,0.0,2.6,65,C,0,1
S0456,male,some_college,no,no,4.0,68,56,52,8.9,1,0.0,4.0,47,F,1,0
S0457,female,bachelors,yes,no,3.5,80,56,74,5.7,4,0.0,3.0,49,F,1,0
S0458,female,no_education,yes,no,6.4,48,43,97,4.9,5,0.0,7.1,39,F,1,0
S0459,male,high_school,yes,yes,2.9,39,97,97,8.3,4,2.8,0.0,45,F,1,0
S0460,male,bachelors,yes,no,6.5,88,65,78,4.3,3,0.0,1.9,55,D,0,1
S0461,female,high_school,yes,yes,7.7,75,61,71,6.8,4,0.3,4.0,58,D,0,1
S0462,male,bachelors,yes,yes,6.4,93,48,100,10.7,4,4.1,1.9,51,D,0,1
S0463,female,high_school,no,yes,5.6,54,100,83,7.0,3,2.4,3.8,55,D,0,1
S0464,male,some_college,yes,no,3.0,83,46,69,5.7,5,0.0,2.9,55,D,0,1
S0465,female,some_college,yes,no,3.3,100,57,47,6.9,3,0.0,4.3,52,D,0,1
S0466,male,some_college,yes,no,7.5,81,72,84,6.9,1,0.0,1.3,67,C,0,1
S0467,female,bachelors,yes,no,6.6,79,76,96,7.2,2,0.0,3.3,67,C,0,1
S0468,male,some_college,yes,no,4.9,75,82,63,7.8,0,0.0,3.7,55,D,0,1
S0469,male,bachelors,yes,no,4.2,51,98,85,5.8,3,0.0,3.2,54,D,0,1
S0470,female,some_college,yes,no,0.9,95,74,69,9.0,3,0.0,3.2,55,D,0,1
S0471,male,bachelors,yes,no,2.9,66,46,75,7.3,4,0.0,4.8,33,F,1,0
S0472,female,masters,no,yes,8.8,83,60,32,7.9,1,2.5,0.5,61,C,0,1
S0473,male,bachelors,yes,no,2.4,52,71,75,6.2,4,0.0,3.2,43,F,1,0
S0474,female,high_school,yes,no,5.4,57,100,92,8.5,5,0.0,1.2,65,C,0,1
S0475,male,no_education,yes,no,7.0,97,40,57,6.7,3,0.0,4.1,54,D,0,1
S0476,female,some_college,no,yes,2.5,70,87,77,7.3,3,1.8,1.7,52,D,0,1
S0477,male,bachelors,yes,no,5.4,97,68,64,5.9,4,0.0,0.0,62,C,0,1
S0478,female,high_school,yes,yes,6.9,74,80,80,5.8,3,2.3,4.2,60,C,0,1
S0479,male,some_college,no,no,5.0,47,63,72,7.8,5,0.0,2.6,49,F,1,0
S0480,female,bachelors,no,no,10.7,88,50,60,6.5,2,0.0,3.5,58,D,0,1
S0481,female,some_college,yes,no,1.7,66,79,100,6.0,0,0.0,5.1,51,D,0,1
S0482,female,bachelors,no,yes,7.1,85,77,98,6.2,0,0.2,3.6,56,D,0,1
S0483,male,high_school,yes,no,4.7,75,82,61,7.8,0,0.0,3.3,55,D,0,1
S0484,female,high_school,yes,no,6.5,52,65,83,6.2,2,0.0,2.9,55,D,0,1
S0485,male,bachelors,yes,no,5.9,77,54,90,6.9,3,0.0,1.3,57,D,0,1
S0486,female,some_college,yes,no,3.5,100,37,89,7.0,4,0.0,2.7,47,F,1,0
S0487,male,bachelors,yes,yes,5.5,82,80,45,4.7,1,1.5,6.0,51,D,0,1
S0488,female,some_college,yes,no,1.3,74,73,96,5.2,3,0.0,2.4,46,F,1,0
S0489,male,high_school,yes,no,6.2,91,48,62,7.4,2,0.0,2.8,59,D,0,1
S0490,male,bachelors,yes,no,5.6,78,55,72,6.1,5,0.0,4.9,56,D,0,1
S0491,female,bachelors,yes,yes,6.3,78,57,100,8.3,2,0.9,0.7,40,F,1,0
S0492,male,bachelors,yes,no,7.1,59,38,85,8.2,0,0.0,3.9,44,F,1,0
S0493,male,some_college,yes,no,5.7,79,50,68,7.9,3,0.0,0.6,52,D,0,1
S0494,female,bachelors,yes,no,5.3,91,45,35,9.2,0,0.0,3.6,43,F,1,0
S0495,male,some_college,yes,yes,3.2,62,58,100,6.9,1,1.0,3.0,45,F,1,0
S0496,male,high_school,yes,no,3.6,96,52,46,7.8,5,0.0,3.9,58,D,0,1
S0497,male,masters,no,yes,7.4,74,36,62,6.3,0,2.7,1.5,47,F,1,0
S0498,female,high_school,yes,yes,7.9,62,100,66,9.9,1,3.9,2.2,59,D,0,1
S0499,male,masters,yes,yes,4.5,90,88,100,9.4,2,1.5,4.0,66,C,0,1
S0500,female,some_college,yes,no,5.1,71,51,91,7.0,0,0.0,2.2,48,F,1,0
S0501,male,high_school,yes,no,3.2,86,70,70,7.5,0,0.0,4.1,56,D,0,1
S0502,male,bachelors,yes,no,7.3,71,73,85,8.6,4,0.0,3.3,52,D,0,1
S0503,male,masters,no,yes,6.3,74,86,70,6.8,5,1.6,2.3,58,D,0,1
S0504,female,bachelors,yes,no,8.9,82,50,82,6.2,5,0.0,2.5,64,C,0,1
S0505,male,bachelors,yes,no,3.2,79,85,80,8.0,2,0.0,3.0,59,D,0,1
S0506,male,bachelors,yes,no,4.2,45,55,98,7.1,4,0.0,2.7,39,F,1,0
S0507,female,bachelors,yes,no,5.5,58,41,98,7.2,1,0.0,4.1,41,F,1,0
S0508,male,bachelors,yes,yes,6.3,89,78,89,6.0,1,3.3,2.4,69,C,0,1
S0509,female,high_school,yes,no,4.6,73,88,66,4.9,2,0.0,2.1,52,D,0,1
S0510,female,some_college,yes,yes,3.3,67,100,91,7.3,5,1.7,4.4,65,C,0,1
S0511,male,high_school,yes,no,6.8,55,43,71,8.1,1,0.0,2.4,39,F,1,0
S0512,female,masters,yes,yes,6.4,59,78,60,6.7,2,1.8,2.2,49,F,1,0
S0513,male,masters,no,yes,3.2,45,58,74,8.7,1,2.5,0.0,39,F,1,0
S0514,female,no_education,yes,no,7.7,73,79,72,6.2,3,0.0,1.4,58,D,0,1
S0515,female,bachelors,yes,no,7.3,66,39,97,5.7,0,0.0,1.7,51,D,0,1
S0516,male,masters,yes,yes,5.3,61,42,78,6.9,5,2.8,2.2,51,D,0,1
S0517,female,high_school,yes,no,5.2,74,51,49,6.9,3,0.0,1.9,44,F,1,0
S0518,female,bachelors,no,no,6.1,80,66,80,7.9,2,0.0,4.5,57,D,0,1
S0519,female,masters,yes,yes,3.3,100,53,84,6.1,2,1.3,1.8,55,D,0,1
S0520,female,no_education,yes,no,5.1,52,77,74,8.6,3,0.0,1.9,51,D,0,1
S0521,female,bachelors,no,yes,0.7,92,83,97,9.4,0,1.3,3.2,56,D,0,1
S0522,male,some_college,yes,no,6.8,90,76,96,7.0,0,0.0,1.3,63,C,0,1
S0523,female,masters,no,no,1.9,63,94,70,8.5,4,0.0,5.3,48,F,1,0
S0524,male,masters,yes,yes,8.0,78,72,70,5.7,1,0.5,4.2,62,C,0,1
S0525,female,masters,yes,yes,4.3,68,43,61,8.3,4,2.2,1.2,51,D,0,1
S0526,male,some_college,yes,no,4.6,78,90,90,8.3,0,0.0,4.5,66,C,0,1
S0527,male,masters,yes,no,3.7,98,54,100,8.0,3,0.0,4.8,55,D,0,1
S0528,female,bachelors,no,no,4.4,84,81,73,7.0,1,0.0,1.3,53,D,0,1
S0529,female,some_college,yes,no,7.8,83,93,71,3.5,3,0.0,1.3,60,C,0,1
S0530,female,bachelors,yes,no,0.0,69,73,100,6.2,4,0.0,2.1,46,F,1,0
S0531,male,no_education,yes,yes,7.6,53,38,80,6.2,2,2.0,0.9,32,F,1,0
S0532,female,bachelors,yes,no,5.7,72,48,88,5.8,3,0.0,1.8,53,D,0,1
S0533,male,high_school,yes,no,2.6,93,89,49,7.1,4,0.0,2.4,57,D,0,1
S0534,male,high_school,no,yes,2.8,52,62,87,6.5,4,2.9,3.8,42,F,1,0
S0535,male,high_school,yes,yes,8.4,59,66,54,6.0,4,0.8,3.1,49,F,1,0
S0536,female,bachelors,yes,yes,3.1,77,79,56,5.7,2,2.9,2.8,53,D,0,1
S0537,female,some_college,yes,no,2.7,60,78,69,6.1,2,0.0,2.3,44,F,1,0
S0538,male,bachelors,yes,no,7.3,63,70,67,8.3,2,0.0,1.0,54,D,0,1
S0539,male,high_school,yes,yes,5.7,69,61,69,6.2,1,1.6,3.9,45,F,1,0
S0540,female,some_college,yes,no,3.1,55,59,47,6.4,2,0.0,3.9,38,F,1,0
S0541,male,bachelors,no,yes,5.4,60,80,98,6.5,2,1.1,2.1,61,C,0,1
S0542,female,bachelors,yes,no,2.9,86,75,100,7.4,2,0.0,1.3,63,C,0,1
S0543,male,some_college,yes,yes,7.2,55,60,37,7.5,3,2.7,5.3,49,F,1,0
S0544,female,bachelors,yes,no,7.1,51,84,99,3.3,2,0.0,3.4,46,F,1,0
S0545,male,masters,no,no,6.1,66,63,66,8.2,1,0.0,3.6,52,D,0,1
S0546,female,bachelors,yes,no,5.7,86,50,96,8.7,4,0.0,3.7,59,D,0,1
S0547,male,high_school,yes,no,8.5,72,51,72,5.7,3,0.0,1.2,52,D,0,1
S0548,female,no_education,yes,yes,5.0,68,47,71,5.8,0,0.4,5.2,42,F,1,0
S0549,female,masters,yes,no,2.6,76,60,78,6.5,2,0.0,2.4,49,F,1,0
S0550,male,no_education,yes,yes,5.9,49,87,94,6.1,4,2.2,4.2,56,D,0,1
S0551,male,masters,yes,yes,9.2,82,51,57,7.3,4,2.0,5.2,67,C,0,1
S0552,female,bachelors,yes,no,3.0,81,68,91,4.7,3,0.0,3.1,54,D,0,1
S0553,male,masters,yes,yes,4.3,69,53,100,5.7,0,1.0,1.2,44,F,1,0
S0554,female,bachelors,no,yes,5.8,90,60,93,8.8,5,1.7,0.0,54,D,0,1
S0555,male,masters,no,no,4.9,58,38,100,5.9,1,0.0,2.9,43,F,1,0
S0556,female,some_college,yes,no,3.0,92,61,65,8.5,5,0.0,3.4,48,F,1,0
S0557,female,bachelors,yes,no,7.2,77,62,98,7.4,4,0.0,2.1,62,C,0,1
S0558,female,some_college,yes,yes,9.6,70,75,74,4.8,5,0.4,3.2,58,D,0,1
S0559,female,some_college,yes,yes,5.4,75,69,100,7.8,4,1.2,3.6,54,D,0,1
S0560,female,bachelors,yes,no,3.2,73,43,79,6.9,5,0.0,4.5,49,F,1,0
S0561,female,masters,yes,yes,1.9,93,85,74,6.5,4,1.3,2.7,66,C,0,1
S0562,male,masters,yes,yes,5.5,59,69,100,7.3,4,1.9,2.9,50,D,0,1
S0563,male,bachelors,no,no,7.2,64,69,69,7.6,3,0.0,2.7,55,D,0,1
S0564,male,some_college,yes,no,6.0,91,65,48,7.8,0,0.0,3.1,59,D,0,1
S0565,female,some_college,yes,no,5.0,66,56,66,8.4,4,0.0,2.2,51,D,0,1
S0566,female,bachelors,yes,yes,3.8,89,69,91,7.5,1,2.8,2.2,62,C,0,1
S0567,female,high_school,yes,yes,2.8,100,74,100,5.3,1,3.7,2.3,68,C,0,1
S0568,female,high_school,yes,no,6.7,69,34,75,6.4,2,0.0,3.2,42,F,1,0
S0569,male,some_college,yes,yes,6.8,85,55,100,10.5,4,3.4,1.7,56,D,0,1
S0570,male,some_college,yes,no,1.9,58,60,49,7.9,4,0.0,2.3,35,F,1,0
S0571,female,some_college,yes,no,8.2,86,70,67,9.8,4,0.0,5.7,55,D,0,1
S0572,male,high_school,yes,no,6.1,78,86,67,8.7,5,0.0,4.3,55,D,0,1
S0573,male,no_education,yes,yes,7.8,82,51,68,7.3,4,0.8,1.6,56,D,0,1
S0574,female,no_education,no,yes,2.3,65,56,72,7.4,4,2.5,4.3,39,F,1,0
S0575,male,masters,no,no,2.3,50,56,96,7.0,1,0.0,3.9,41,F,1,0
S0576,female,some_college,no,no,4.7,83,51,67,4.9,0,0.0,2.8,38,F,1,0
S0577,male,some_college,yes,no,6.0,44,59,79,7.0,0,0.0,1.9,39,F,1,0
S0578,female,bachelors,yes,yes,8.6,70,79,78,8.5,2,3.1,1.8,59,D,0,1
S0579,female,high_school,no,yes,6.4,89,46,54,6.3,1,1.1,3.3,58,D,0,1
S0580,female,masters,yes,no,4.5,78,73,80,7.5,4,0.0,1.7,59,D,0,1
S0581,female,bachelors,yes,no,2.9,100,34,76,8.0,0,0.0,4.6,49,F,1,0
S0582,male,high_school,yes,no,7.5,90,55,70,5.9,3,0.0,5.1,56,D,0,1
S0583,female,some_college,yes,yes,3.1,65,59,77,6.5,3,0.7,2.9,53,D,0,1
S0584,female,masters,no,no,8.3,75,95,84,5.8,3,0.0,4.7,58,D,0,1
S0585,female,masters,yes,no,4.4,74,60,73,6.0,4,0.0,2.4,51,D,0,1
S0586,male,some_college,yes,no,8.2,51,25,100,5.5,4,0.0,1.9,32,F,1,0
S0587,female,bachelors,yes,no,6.4,61,29,56,5.9,2,0.0,4.7,26,F,1,0
S0588,male,high_school,yes,yes,4.7,67,66,59,8.7,2,0.6,5.4,43,F,1,0
S0589,female,masters,no,no,4.0,44,76,100,5.9,2,0.0,5.9,47,F,1,0
S0590,male,high_school,yes,yes,4.3,76,72,52,7.2,5,3.2,3.5,50,D,0,1
S0591,male,masters,yes,no,5.9,71,68,55,6.4,3,0.0,4.3,55,D,0,1
S0592,female,bachelors,no,no,5.2,50,86,94,8.4,4,0.0,3.5,52,D,0,1
S0593,male,bachelors,yes,no,3.8,81,55,37,8.6,3,0.0,5.1,46,F,1,0
S0594,female,bachelors,yes,no,4.7,86,81,74,8.0,2,0.0,3.6,68,C,0,1
S0595,female,high_school,yes,yes,5.2,78,36,100,7.4,4,2.8,4.2,47,F,1,0
S0596,female,high_school,yes,no,0.7,70,49,42,6.7,1,0.0,1.3,37,F,1,0
S0597,male,high_school,yes,no,5.9,84,32,33,5.6,0,0.0,2.7,31,F,1,0
S0598,male,high_school,yes,yes,3.0,85,60,43,9.3,0,1.1,4.2,46,F,1,0
S0599,female,bachelors,yes,yes,2.7,80,64,97,6.1,2,2.9,4.1,52,D,0,1
S0600,female,some_college,yes,no,1.6,63,67,98,7.8,3,0.0,4.3,42,F,1,0
S0601,male,high_school,no,yes,1.4,79,66,63,8.3,1,3.7,3.2,47,F,1,0
S0602,female,masters,yes,no,2.3,93,48,96,6.3,4,0.0,2.0,49,F,1,0
S0603,female,masters,yes,no,3.6,66,62,100,8.2,3,0.0,2.9,60,C,0,1
S0604,female,masters,yes,no,8.9,100,38,100,7.9,2,0.0,3.1,52,D,0,1
S0605,male,masters,yes,yes,3.9,67,90,77,9.1,3,1.3,3.4,59,D,0,1
S0606,male,high_school,yes,no,5.4,75,60,27,6.4,2,0.0,1.5,46,F,1,0
S0607,male,some_college,no,no,5.8,65,56,60,5.5,5,0.0,2.6,41,F,1,0
S0608,female,bachelors,no,yes,5.3,78,94,70,6.4,0,1.1,2.9,57,D,0,1
S0609,female,bachelors,yes,no,4.8,49,43,74,7.3,0,0.0,0.0,40,F,1,0
S0610,female,high_school,no,no,2.6,67,45,69,7.1,3,0.0,4.2,42,F,1,0
S0611,male,bachelors,yes,no,7.9,59,45,100,6.5,1,0.0,3.2,41,F,1,0
S0612,female,high_school,yes,yes,8.6,77,64,98,4.7,4,2.4,3.4,55,D,0,1
S0613,female,high_school,yes,no,1.6,90,73,70,7.6,2,0.0,2.2,49,F,1,0
S0614,female,bachelors,no,yes,3.0,85,78,100,9.4,4,2.9,3.9,52,D,0,1
S0615,female,bachelors,yes,yes,4.4,39,100,86,7.6,0,1.3,1.8,56,D,0,1
S0616,male,bachelors,yes,no,3.1,100,25,80,7.7,1,0.0,2.0,51,D,0,1
S0617,male,high_school,yes,no,6.0,79,76,91,7.7,1,0.0,3.9,66,C,0,1
S0618,female,masters,yes,yes,3.5,63,55,83,7.5,4,3.6,3.5,52,D,0,1
S0619,male,some_college,yes,yes,9.3,77,54,100,8.1,0,2.6,1.1,64,C,0,1
S0620,male,high_school,no,yes,7.4,78,54,44,7.5,4,0.1,5.4,42,F,1,0
S0621,female,masters,no,yes,5.4,65,49,72,6.6,3,2.0,1.9,53,D,0,1
S0622,female,masters,yes,yes,7.1,78,95,79,6.0,1,1.7,2.8,67,C,0,1
S0623,male,masters,no,yes,7.2,66,80,91,6.7,1,2.4,5.6,64,C,0,1
S0624,female,bachelors,yes,no,3.9,69,65,100,7.4,3,0.0,0.0,47,F,1,0
S0625,male,bachelors,no,no,3.4,65,89,79,6.6,0,0.0,0.4,51,D,0,1
S0626,female,bachelors,yes,no,5.2,54,38,51,7.4,1,0.0,3.7,42,F,1,0
S0627,male,high_school,yes,no,6.7,77,41,90,7.5,5,0.0,0.0,52,D,0,1
S0628,female,some_college,yes,yes,5.3,84,26,91,8.0,5,0.6,0.0,44,F,1,0
S0629,male,some_college,no,no,1.8,83,52,37,8.5,5,0.0,4.8,46,F,1,0
S0630,male,some_college,yes,no,3.4,87,68,76,7.1,2,0.0,2.4,50,D,0,1
S0631,male,bachelors,yes,no,4.9,80,67,47,5.4,2,0.0,6.3,51,D,0,1
S0632,female,some_college,yes,no,4.8,67,68,63,6.6,0,0.0,1.4,53,D,0,1
S0633,male,high_school,yes,no,8.9,88,40,55,7.1,3,0.0,2.5,64,C,0,1
S0634,male,high_school,yes,no,2.2,55,79,89,4.8,4,0.0,3.8,42,F,1,0
S0635,female,bachelors,yes,yes,6.0,61,69,81,8.7,0,0.0,3.7,50,D,0,1
S0636,female,high_school,no,no,8.0,61,78,47,7.2,4,0.0,2.6,50,D,0,1
S0637,male,masters,yes,no,9.5,91,31,100,7.5,0,0.0,2.0,61,C,0,1
S0638,male,some_college,yes,no,4.2,89,71,47,8.6,2,0.0,3.3,58,D,0,1
S0639,female,some_college,yes,no,6.0,82,44,83,6.2,5,0.0,5.1,56,D,0,1
S0640,female,bachelors,no,yes,6.1,91,58,63,7.7,3,2.4,4.1,60,C,0,1
S0641,female,bachelors,no,no,5.4,62,75,72,6.9,2,0.0,2.1,48,F,1,0
S0642,female,some_college,yes,no,4.8,80,67,86,6.8,3,0.0,1.5,60,C,0,1
S0643,female,bachelors,yes,no,5.9,73,50,89,6.1,4,0.0,2.0,52,D,0,1
S0644,male,bachelors,yes,no,0.0,88,65,100,9.0,0,0.0,1.1,55,D,0,1
S0645,female,some_college,yes,yes,6.4,73,37,74,6.5,1,0.2,3.2,50,D,0,1
S0646,male,masters,no,no,5.3,69,86,88,7.8,1,0.0,4.2,66,C,0,1
S0647,male,bachelors,yes,no,4.6,83,61,70,4.7,3,0.0,2.9,49,F,1,0
S0648,male,bachelors,yes,no,9.1,88,85,83,8.4,5,0.0,5.6,69,C,0,1
S0649,female,masters,yes,no,3.7,65,56,91,8.3,5,0.0,5.7,51,D,0,1
S0650,male,masters,no,no,4.2,74,56,80,7.1,3,0.0,3.5,55,D,0,1
S0651,male,bachelors,yes,no,9.0,59,51,43,6.7,2,0.0,4.1,48,F,1,0
S0652,female,bachelors,yes,yes,3.3,38,81,86,7.5,1,0.9,1.6,53,D,0,1
S0653,male,bachelors,yes,no,3.9,78,52,86,9.7,2,0.0,2.5,52,D,0,1
S0654,male,bachelors,no,no,4.7,84,77,65,4.9,4,0.0,4.9,52,D,0,1
S0655,female,bachelors,yes,no,6.7,79,58,53,7.9,1,0.0,2.1,57,D,0,1
S0656,male,bachelors,yes,no,5.4,46,29,100,5.9,4,0.0,5.2,34,F,1,0
S0657,male,high_school,yes,no,2.4,70,55,83,7.0,0,0.0,4.7,45,F,1,0
S0658,male,masters,yes,yes,3.9,42,44,77,6.7,2,3.0,4.1,32,F,1,0
S0659,female,masters,yes,no,3.8,96,66,59,6.5,3,0.0,1.2,58,D,0,1
S0660,female,no_education,yes,yes,4.8,59,44,54,7.0,1,2.4,2.5,44,F,1,0
S0661,female,bachelors,yes,no,5.9,94,82,100,5.6,2,0.0,4.0,71,C,0,1
S0662,male,high_school,yes,yes,5.8,89,63,76,8.2,3,2.2,1.5,62,C,0,1
S0663,male,some_college,yes,yes,1.4,61,62,65,4.8,0,3.4,2.7,40,F,1,0
S0664,female,bachelors,no,no,7.1,58,77,89,7.6,1,0.0,4.1,55,D,0,1
S0665,male,high_school,yes,yes,5.5,80,82,57,6.6,4,3.5,2.1,53,D,0,1
S0666,male,bachelors,no,no,7.8,62,65,100,5.6,0,0.0,1.7,51,D,0,1
S0667,female,bachelors,yes,no,5.9,77,51,100,7.2,5,0.0,0.3,57,D,0,1
S0668,female,bachelors,yes,yes,7.2,68,33,70,5.1,3,1.3,2.4,38,F,1,0
S0669,male,no_education,yes,no,5.9,48,53,57,7.0,1,0.0,4.2,30,F,1,0
S0670,male,some_college,yes,no,7.7,42,54,24,5.3,1,0.0,1.7,42,F,1,0
S0671,male,bachelors,yes,no,6.0,78,67,49,7.6,0,0.0,3.0,55,D,0,1
S0672,female,masters,yes,yes,4.8,67,59,55,5.9,1,1.4,2.7,48,F,1,0
S0673,female,bachelors,yes,yes,9.5,67,77,82,6.5,3,2.8,2.0,67,C,0,1
S0674,female,some_college,no,yes,6.8,85,54,69,7.4,0,1.9,4.3,48,F,1,0
S0675,female,bachelors,yes,yes,6.1,93,64,52,6.1,4,3.6,5.5,57,D,0,1
S0676,male,bachelors,no,yes,2.4,71,86,73,6.9,0,1.7,4.5,59,D,0,1
S0677,female,bachelors,yes,no,2.4,70,71,89,5.2,0,0.0,2.0,46,F,1,0
S0678,female,high_school,yes,no,5.6,83,64,84,7.8,4,0.0,6.0,56,D,0,1
S0679,female,bachelors,yes,no,5.3,55,54,41,9.1,5,0.0,4.5,37,F,1,0
S0680,female,bachelors,yes,no,3.8,78,54,76,10.4,3,0.0,2.3,43,F,1,0
S0681,female,masters,yes,yes,5.3,83,50,54,7.1,5,2.6,1.8,59,D,0,1
S0682,male,some_college,yes,yes,8.2,85,55,94,7.9,5,3.4,4.7,50,D,0,1
S0683,male,bachelors,yes,yes,6.4,46,79,95,4.9,5,0.9,3.3,49,F,1,0
S0684,female,masters,yes,yes,2.7,64,61,64,8.8,2,3.0,1.7,47,F,1,0
S0685,male,high_school,yes,no,4.8,62,41,58,7.9,5,0.0,2.8,49,F,1,0
S0686,female,masters,no,no,3.4,76,97,73,6.4,2,0.0,2.4,53,D,0,1
S0687,female,bachelors,no,no,4.2,82,71,34,8.5,4,0.0,1.8,43,F,1,0
S0688,male,high_school,yes,no,4.2,97,40,80,6.7,3,0.0,4.5,46,F,1,0
S0689,male,some_college,yes,no,4.0,68,57,71,6.5,5,0.0,4.2,50,D,0,1
S0690,female,bachelors,yes,no,2.5,68,67,98,7.6,1,0.0,4.3,52,D,0,1
S0691,female,high_school,yes,yes,4.7,92,96,51,5.7,4,3.3,4.2,57,D,0,1
S0692,female,bachelors,no,no,3.9,79,45,67,8.2,2,0.0,1.6,44,F,1,0
S0693,male,some_college,yes,no,0.0,94,83,46,5.7,3,0.0,2.1,60,C,0,1
S0694,female,bachelors,yes,yes,9.1,79,90,59,5.7,0,1.2,5.2,67,C,0,1
S0695,female,no_education,yes,no,7.2,58,54,46,5.9,3,0.0,3.2,43,F,1,0
S0696,female,masters,yes,no,4.2,55,60,100,7.9,3,0.0,0.8,50,D,0,1
S0697,male,masters,yes,no,5.0,52,46,68,6.3,5,0.0,3.3,43,F,1,0
S0698,female,masters,no,no,2.7,85,61,84,5.4,5,0.0,4.0,43,F,1,0
S0699,female,bachelors,yes,yes,8.4,93,64,71,6.3,2,3.0,3.8,64,C,0,1
S0700,male,high_school,yes,no,8.8,100,77,48,7.0,2,0.0,1.6,67,C,0,1
S0701,female,bachelors,no,no,5.3,88,85,76,5.6,5,0.0,5.8,58,D,0,1
S0702,female,no_education,yes,no,7.0,92,52,82,5.6,5,0.0,0.7,59,D,0,1
S0703,male,no_education,yes,yes,5.4,66,30,46,9.5,1,0.7,3.2,31,F,1,0
S0704,female,some_college,yes,no,2.3,58,65,92,6.0,1,0.0,5.6,42,F,1,0
S0705,male,some_college,yes,no,4.2,88,70,59,6.6,4,0.0,3.9,50,D,0,1
S0706,male,bachelors,no,no,5.3,81,69,69,6.6,5,0.0,4.3,56,D,0,1
S0707,female,bachelors,yes,no,4.1,77,59,90,6.5,0,0.0,1.4,57,D,0,1
S0708,female,some_college,no,no,4.6,81,67,63,7.7,1,0.0,3.5,49,F,1,0
S0709,female,some_college,yes,no,4.8,80,92,77,8.1,2,0.0,2.9,67,C,0,1
S0710,female,masters,no,no,4.8,94,72,76,6.6,3,0.0,1.3,59,D,0,1
S0711,male,some_college,yes,yes,5.1,94,58,79,5.5,4,1.8,4.3,44,F,1,0
S0712,female,some_college,no,no,2.9,83,56,28,8.5,1,0.0,1.8,41,F,1,0
S0713,male,high_school,yes,yes,3.6,88,62,36,6.9,3,2.5,1.9,50,D,0,1
S0714,female,bachelors,no,no,2.4,83,94,91,9.1,3,0.0,3.6,59,D,0,1
S0715,female,bachelors,yes,yes,7.0,68,62,100,4.3,1,3.3,2.8,55,D,0,1
S0716,female,high_school,yes,yes,0.8,86,65,55,7.2,0,1.4,3.3,44,F,1,0
S0717,male,high_school,no,yes,7.3,54,56,68,9.3,0,3.9,2.7,50,D,0,1
S0718,female,bachelors,yes,yes,7.8,91,85,85,6.6,4,2.3,5.1,71,C,0,1
S0719,female,bachelors,no,no,4.4,57,100,93,6.7,0,0.0,1.6,55,D,0,1
S0720,female,some_college,yes,no,0.0,79,73,35,7.4,4,0.0,2.3,50,D,0,1
S0721,female,masters,yes,no,4.3,62,66,64,6.3,2,0.0,3.7,48,F,1,0
S0722,male,high_school,yes,yes,4.9,83,66,66,6.6,1,1.7,1.5,67,C,0,1
S0723,female,some_college,yes,yes,3.0,74,22,90,6.6,3,0.6,1.5,37,F,1,0
S0724,male,masters,yes,yes,4.0,51,78,100,6.2,4,1.9,3.2,54,D,0,1
S0725,male,some_college,yes,yes,8.1,81,67,71,8.5,0,2.2,4.3,56,D,0,1
S0726,male,bachelors,yes,no,6.3,66,73,51,7.6,4,0.0,4.5,59,D,0,1
S0727,male,some_college,yes,yes,3.2,88,52,84,7.3,5,3.3,3.1,56,D,0,1
S0728,male,some_college,yes,no,1.8,75,58,100,8.0,4,0.0,2.0,48,F,1,0
S0729,male,masters,yes,yes,4.3,81,58,84,6.7,0,0.1,3.4,49,F,1,0
S0730,female,some_college,yes,yes,4.6,61,83,58,6.1,5,5.5,3.8,47,F,1,0
S0731,male,masters,yes,no,6.0,66,58,100,6.3,5,0.0,3.4,56,D,0,1
S0732,male,high_school,yes,no,3.9,68,100,86,7.0,0,0.0,4.9,53,D,0,1
S0733,male,high_school,no,yes,6.0,88,73,52,5.7,5,0.5,1.5,61,C,0,1
S0734,female,no_education,no,yes,8.9,100,42,78,6.4,1,2.2,2.0,50,D,0,1
S0735,female,bachelors,yes,no,6.6,63,63,99,6.4,3,0.0,4.6,53,D,0,1
S0736,male,some_college,yes,yes,4.9,91,53,100,9.5,1,0.0,0.8,50,D,0,1
S0737,female,masters,no,yes,4.6,42,26,81,3.7,1,1.7,2.2,26,F,1,0
S0738,male,some_college,yes,no,4.3,57,94,69,6.8,0,0.0,1.9,54,D,0,1
S0739,male,masters,yes,no,7.4,61,78,100,9.1,0,0.0,0.7,61,C,0,1
S0740,female,high_school,yes,no,3.7,55,75,49,7.1,3,0.0,2.7,37,F,1,0
S0741,male,masters,yes,no,5.1,51,68,91,7.9,4,0.0,4.1,47,F,1,0
S0742,female,bachelors,yes,no,5.1,81,40,52,7.1,1,0.0,3.2,51,D,0,1
S0743,female,bachelors,yes,no,4.0,72,56,100,6.2,5,0.0,4.2,54,D,0,1
S0744,male,bachelors,no,no,2.3,81,80,74,4.3,3,0.0,4.8,37,F,1,0
S0745,male,bachelors,no,no,5.6,85,46,100,7.2,1,0.0,2.4,54,D,0,1
S0746,female,bachelors,yes,yes,4.9,79,19,89,6.1,4,1.1,7.0,37,F,1,0
S0747,male,high_school,yes,no,6.0,85,61,49,6.0,5,0.0,2.5,50,D,0,1
S0748,male,no_education,no,no,3.9,74,62,98,6.4,1,0.0,2.7,46,F,1,0
S0749,male,masters,yes,no,7.4,57,67,100,9.1,2,0.0,1.9,63,C,0,1
S0750,female,bachelors,yes,no,3.2,91,78,97,9.9,3,0.0,3.8,55,D,0,1
S0751,female,bachelors,yes,no,8.4,66,76,64,7.3,0,0.0,2.6,52,D,0,1
S0752,male,some_college,no,yes,1.5,61,70,70,6.4,1,1.3,2.9,43,F,1,0
S0753,female,high_school,yes,no,5.9,72,87,76,5.6,5,0.0,2.7,58,D,0,1
S0754,female,high_school,no,yes,6.0,61,38,59,7.6,5,0.8,2.7,45,F,1,0
S0755,female,bachelors,no,yes,3.4,69,74,100,9.1,3,1.0,3.2,49,F,1,0
S0756,female,some_college,yes,yes,5.8,80,76,79,6.7,3,2.7,2.3,67,C,0,1
S0757,female,high_school,yes,no,7.6,80,43,19,4.1,5,0.0,2.4,43,F,1,0
S0758,male,some_college,yes,yes,0.6,62,38,83,7.8,5,1.4,4.6,39,F,1,0
S0759,male,high_school,yes,no,6.0,68,52,66,8.2,5,0.0,2.6,56,D,0,1
S0760,male,bachelors,yes,no,0.0,91,53,78,5.1,1,0.0,3.6,44,F,1,0
S0761,female,some_college,yes,yes,3.1,82,79,69,7.2,5,1.1,1.7,63,C,0,1
S0762,female,bachelors,yes,no,8.3,100,54,95,7.5,0,0.0,2.3,63,C,0,1
S0763,male,some_college,no,no,3.8,93,50,98,6.9,5,0.0,1.2,54,D,0,1
S0764,female,some_college,yes,yes,2.7,92,54,82,6.1,0,3.2,5.8,44,F,1,0
S0765,male,no_education,yes,no,4.6,54,85,63,8.2,1,0.0,5.1,46,F,1,0
S0766,male,high_school,yes,yes,9.1,86,65,72,6.5,3,0.0,3.9,56,D,0,1
S0767,male,some_college,yes,no,1.3,74,62,76,5.2,0,0.0,6.2,49,F,1,0
S0768,female,some_college,yes,no,2.9,67,63,60,4.5,1,0.0,4.2,50,D,0,1
S0769,female,bachelors,yes,no,8.0,78,88,91,8.5,5,0.0,2.7,67,C,0,1
S0770,male,some_college,yes,no,8.7,89,52,85,7.7,1,0.0,3.6,57,D,0,1
S0771,male,bachelors,yes,yes,4.8,83,89,100,7.1,5,3.4,5.0,62,C,0,1
S0772,male,masters,yes,yes,2.5,62,69,100,6.5,1,1.5,1.7,52,D,0,1
S0773,male,bachelors,yes,no,9.2,86,62,65,6.4,3,0.0,1.2,59,D,0,1
S0774,female,no_education,yes,no,8.2,65,100,86,5.7,0,0.0,3.6,60,C,0,1
S0775,female,some_college,no,no,6.4,78,46,57,6.5,3,0.0,2.1,54,D,0,1
S0776,male,high_school,yes,no,3.4,70,59,87,4.5,2,0.0,0.0,43,F,1,0
S0777,male,high_school,yes,no,4.9,72,43,63,6.1,5,0.0,1.1,46,F,1,0
S0778,female,masters,yes,no,4.7,86,82,62,6.6,0,0.0,2.5,61,C,0,1
S0779,female,high_school,yes,yes,5.7,59,95,79,7.7,3,1.3,3.1,52,D,0,1
S0780,male,some_college,yes,no,7.9,100,95,23,7.0,0,0.0,3.1,60,C,0,1
S0781,male,bachelors,yes,no,6.8,48,87,44,8.0,2,0.0,6.0,54,D,0,1
S0782,male,bachelors,yes,yes,2.8,66,61,75,8.6,4,1.3,2.7,55,D,0,1
S0783,female,bachelors,yes,no,7.8,81,58,81,8.3,5,0.0,3.4,61,C,0,1
S0784,female,no_education,yes,no,5.6,84,35,63,7.6,5,0.0,0.6,50,D,0,1
S0785,female,some_college,yes,no,6.4,73,100,44,7.0,1,0.0,3.0,58,D,0,1
S0786,male,bachelors,yes,yes,7.9,74,73,63,5.8,5,0.0,3.5,64,C,0,1
S0787,male,high_school,no,no,2.8,81,56,81,7.9,5,0.0,0.9,52,D,0,1
S0788,female,some_college,yes,no,4.9,72,89,88,9.0,3,0.0,1.6,56,D,0,1
S0789,female,no_education,yes,no,3.9,96,47,70,7.4,5,0.0,3.7,54,D,0,1
S0790,male,high_school,yes,yes,1.9,88,72,96,9.3,5,1.9,2.2,47,F,1,0
S0791,female,some_college,yes,yes,5.7,88,62,84,5.2,2,3.1,2.8,61,C,0,1
S0792,female,high_school,yes,no,10.0,61,76,58,5.6,2,0.0,3.8,53,D,0,1
S0793,male,bachelors,yes,no,1.3,74,64,73,8.0,0,0.0,6.1,41,F,1,0
S0794,female,bachelors,yes,no,4.9,70,39,51,7.3,0,0.0,2.7,44,F,1,0
S0795,male,bachelors,yes,no,6.3,60,66,77,8.6,5,0.0,5.7,43,F,1,0
S0796,male,high_school,yes,yes,5.2,80,84,95,7.0,5,3.5,0.1,66,C,0,1
S0797,male,high_school,yes,no,4.8,67,64,87,6.0,1,0.0,3.2,43,F,1,0
S0798,male,high_school,yes,yes,2.4,85,79,100,6.7,0,1.3,2.5,51,D,0,1
S0799,male,bachelors,yes,no,5.5,59,46,73,5.2,3,0.0,2.2,42,F,1,0
S0800,male,bachelors,yes,no,3.5,100,65,100,5.6,5,0.0,4.0,60,C,0,1
S0801,male,no_education,no,no,0.6,62,54,66,8.2,3,0.0,2.7,41,F,1,0
S0802,female,masters,yes,no,7.4,78,78,100,8.0,5,0.0,0.0,61,C,0,1
S0803,male,high_school,yes,no,6.9,87,66,73,7.4,3,0.0,0.6,67,C,0,1
S0804,male,bachelors,yes,yes,5.1,66,77,93,4.9,4,2.3,4.1,49,F,1,0
S0805,female,bachelors,no,yes,5.5,88,85,100,6.6,3,2.2,0.5,70,C,0,1
S0806,female,masters,yes,no,7.1,57,77,78,5.5,0,0.0,4.1,59,D,0,1
S0807,female,bachelors,yes,no,5.4,97,70,83,8.4,5,0.0,3.2,66,C,0,1
S0808,male,bachelors,yes,yes,6.8,75,47,100,6.3,0,1.0,2.7,49,F,1,0
S0809,female,some_college,yes,no,4.4,66,65,73,5.7,3,0.0,2.9,40,F,1,0
S0810,male,bachelors,yes,no,7.6,71,55,53,7.0,2,0.0,3.8,42,F,1,0
S0811,male,high_school,yes,no,5.6,87,59,100,6.2,2,0.0,1.2,66,C,0,1
S0812,male,masters,no,no,5.4,66,58,73,8.8,2,0.0,3.1,45,F,1,0
S0813,male,bachelors,yes,no,2.5,64,47,82,6.1,5,0.0,1.3,36,F,1,0
S0814,female,bachelors,yes,yes,5.6,72,30,100,5.3,1,1.8,3.2,38,F,1,0
S0815,female,some_college,no,yes,3.3,57,53,64,4.4,4,0.0,4.0,35,F,1,0
S0816,male,bachelors,yes,no,3.7,100,68,59,7.0,3,0.0,3.2,58,D,0,1
S0817,male,bachelors,yes,no,3.4,67,41,84,6.3,1,0.0,3.9,32,F,1,0
S0818,male,bachelors,yes,yes,2.9,87,65,43,5.3,2,0.0,1.9,53,D,0,1
S0819,female,high_school,yes,no,9.2,78,99,67,8.4,3,0.0,2.9,71,C,0,1
S0820,male,high_school,yes,no,7.7,60,83,78,7.8,1,0.0,2.6,67,C,0,1
S0821,male,high_school,no,no,8.8,75,95,68,7.0,0,0.0,2.5,69,C,0,1
S0822,female,high_school,yes,yes,2.6,87,72,42,8.6,2,2.6,1.8,36,F,1,0
S0823,female,masters,yes,no,5.1,72,86,100,7.8,1,0.0,2.4,70,C,0,1
S0824,male,high_school,yes,no,2.4,93,52,75,6.0,5,0.0,1.3,55,D,0,1
S0825,female,masters,no,no,3.6,90,53,100,5.8,0,0.0,0.5,48,F,1,0
S0826,female,some_college,no,no,3.2,89,16,71,8.0,2,0.0,1.9,35,F,1,0
S0827,male,high_school,no,no,7.5,68,86,55,7.5,4,0.0,3.9,59,D,0,1
S0828,female,bachelors,yes,no,4.2,59,93,84,7.2,2,0.0,3.4,52,D,0,1
S0829,male,bachelors,yes,yes,7.1,66,55,75,6.0,5,1.7,1.1,51,D,0,1
S0830,female,some_college,yes,no,6.2,78,60,52,7.7,4,0.0,2.4,58,D,0,1
S0831,male,bachelors,yes,no,9.6,83,51,100,6.1,4,0.0,4.0,64,C,0,1
S0832,male,bachelors,yes,no,2.0,42,72,67,6.9,4,0.0,2.3,37,F,1,0
S0833,male,high_school,yes,yes,7.5,75,85,36,8.7,3,3.3,0.9,64,C,0,1
S0834,female,masters,yes,yes,7.3,77,34,100,6.2,3,1.7,6.4,54,D,0,1
S0835,male,masters,yes,no,3.1,71,72,72,5.1,4,0.0,2.7,52,D,0,1
S0836,female,bachelors,yes,no,7.0,94,60,67,5.7,0,0.0,1.3,56,D,0,1
S0837,male,high_school,yes,no,5.7,81,67,38,8.2,4,0.0,3.3,52,D,0,1
S0838,male,bachelors,yes,no,4.5,95,73,100,7.3,1,0.0,2.9,61,C,0,1
S0839,female,high_school,yes,no,3.4,72,62,47,6.8,4,0.0,0.7,36,F,1,0
S0840,male,no_education,yes,no,3.6,89,63,71,6.4,3,0.0,3.1,51,D,0,1
S0841,male,some_college,yes,no,9.1,100,61,94,7.6,3,0.0,4.5,69,C,0,1
S0842,female,some_college,yes,no,5.0,95,82,84,6.0,1,0.0,2.7,65,C,0,1
S0843,male,masters,yes,no,6.6,59,73,81,7.4,1,0.0,0.0,62,C,0,1
S0844,male,bachelors,yes,yes,3.4,71,69,45,6.1,2,1.0,3.5,44,F,1,0
S0845,male,bachelors,no,no,3.4,70,42,63,5.9,0,0.0,3.9,35,F,1,0
S0846,male,some_college,yes,no,7.2,82,58,80,6.2,0,0.0,2.1,60,C,0,1
S0847,female,some_college,yes,yes,2.3,85,81,60,6.5,0,2.0,2.1,51,D,0,1
S0848,female,some_college,yes,yes,4.2,62,66,80,6.9,5,2.0,6.4,51,D,0,1
S0849,male,masters,yes,yes,5.1,76,77,96,7.3,3,2.4,2.0,61,C,0,1
S0850,female,no_education,yes,yes,5.2,45,97,89,3.0,0,1.7,1.3,47,F,1,0
S0851,male,masters,yes,yes,4.6,97,84,57,6.0,2,2.9,3.0,69,C,0,1
S0852,female,bachelors,no,no,5.8,67,67,100,6.5,2,0.0,3.9,50,D,0,1
S0853,male,some_college,yes,no,6.4,76,56,91,8.8,0,0.0,3.8,57,D,0,1
S0854,male,bachelors,no,no,6.5,70,19,79,5.7,1,0.0,0.0,27,F,1,0
S0855,male,some_college,yes,yes,3.0,92,62,98,7.2,2,1.7,2.0,51,D,0,1
S0856,male,masters,yes,yes,4.4,32,59,100,8.8,1,4.0,4.7,30,F,1,0
S0857,male,masters,no,no,7.4,75,72,53,5.4,3,0.0,3.5,48,F,1,0
S0858,male,some_college,yes,no,6.8,73,62,71,7.5,5,0.0,1.1,65,C,0,1
S0859,female,some_college,yes,no,2.3,68,59,28,6.0,2,0.0,4.9,39,F,1,0
S0860,male,bachelors,yes,no,5.7,100,33,83,6.4,1,0.0,4.4,50,D,0,1
S0861,female,masters,yes,no,1.0,62,48,89,6.0,0,0.0,2.6,43,F,1,0
S0862,male,high_school,yes,yes,5.1,87,74,72,6.1,3,3.4,4.3,64,C,0,1
S0863,female,bachelors,yes,no,8.8,80,96,66,10.3,4,0.0,6.0,61,C,0,1
S0864,female,bachelors,yes,yes,3.1,94,63,38,8.0,4,1.6,1.4,67,C,0,1
S0865,female,bachelors,yes,no,3.3,65,71,86,8.3,0,0.0,3.8,52,D,0,1
S0866,male,high_school,yes,no,6.5,64,82,100,7.6,3,0.0,6.0,62,C,0,1
S0867,male,bachelors,yes,yes,1.9,91,50,67,5.1,3,1.5,4.0,49,F,1,0
S0868,female,masters,yes,yes,3.7,81,72,91,7.5,3,3.2,1.9,64,C,0,1
S0869,male,high_school,yes,yes,6.2,52,52,42,8.3,3,1.4,3.4,37,F,1,0
S0870,female,high_school,yes,no,3.7,67,81,82,6.0,4,0.0,5.1,63,C,0,1
S0871,male,masters,yes,yes,4.5,81,68,74,8.2,1,2.8,1.5,56,D,0,1
S0872,female,high_school,no,no,6.5,88,70,58,7.8,3,0.0,3.0,61,C,0,1
S0873,female,masters,yes,yes,5.8,65,51,67,9.2,1,1.3,2.6,44,F,1,0
S0874,male,some_college,yes,no,5.5,31,78,68,6.5,3,0.0,2.1,40,F,1,0
S0875,female,high_school,yes,no,4.3,83,100,81,5.7,2,0.0,3.4,72,C,0,1
S0876,male,masters,yes,no,5.7,57,47,56,6.6,5,0.0,2.8,43,F,1,0
S0877,female,some_college,yes,no,4.8,45,59,68,8.7,2,0.0,4.0,40,F,1,0
S0878,female,bachelors,yes,yes,5.9,33,69,78,4.8,5,0.9,4.7,43,F,1,0
S0879,male,some_college,yes,yes,4.0,87,79,54,4.5,2,1.7,1.1,68,C,0,1
S0880,male,bachelors,yes,no,4.6,77,55,100,7.1,3,0.0,3.1,65,C,0,1
S0881,male,high_school,no,no,3.0,72,14,56,6.5,1,0.0,2.9,34,F,1,0
S0882,female,some_college,no,no,4.9,96,89,63,7.0,5,0.0,3.3,78,B,0,1
S0883,male,masters,no,yes,3.4,85,79,62,8.1,4,2.7,3.0,52,D,0,1
S0884,female,some_college,yes,yes,2.8,99,34,100,6.3,0,1.9,1.5,53,D,0,1
S0885,female,bachelors,yes,yes,5.5,54,54,90,4.8,5,2.3,5.2,45,F,1,0
S0886,male,some_college,yes,no,5.4,74,93,57,9.5,5,0.0,5.8,50,D,0,1
S0887,male,bachelors,yes,yes,6.6,51,91,100,5.8,4,1.7,3.8,61,C,0,1
S0888,female,high_school,yes,no,4.1,72,82,77,5.7,3,0.0,3.9,51,D,0,1
S0889,female,masters,yes,yes,5.8,71,62,87,8.3,2,3.5,3.2,64,C,0,1
S0890,male,some_college,yes,no,6.1,84,66,69,6.5,2,0.0,4.5,55,D,0,1
S0891,male,high_school,yes,yes,5.9,76,63,58,6.9,1,1.7,0.0,50,D,0,1
S0892,male,high_school,yes,no,3.3,84,85,80,7.6,3,0.0,3.0,68,C,0,1
S0893,male,high_school,yes,no,5.3,86,49,62,8.3,4,0.0,2.1,50,D,0,1
S0894,male,bachelors,yes,yes,5.7,100,50,100,6.6,3,2.0,3.2,67,C,0,1
S0895,female,some_college,no,no,5.0,70,83,51,8.8,3,0.0,4.6,53,D,0,1
S0896,female,bachelors,yes,no,0.8,61,64,100,4.4,2,0.0,3.0,44,F,1,0
S0897,female,some_college,yes,no,5.3,79,90,74,7.9,4,0.0,2.5,62,C,0,1
S0898,female,high_school,yes,no,9.4,63,53,79,6.0,0,0.0,0.9,53,D,0,1
S0899,male,bachelors,yes,yes,4.3,97,64,96,8.6,5,1.7,2.8,62,C,0,1
S0900,male,bachelors,yes,no,3.5,71,48,66,7.2,2,0.0,4.0,41,F,1,0
S0901,male,high_school,yes,yes,5.7,67,65,90,6.2,4,1.8,1.7,52,D,0,1
S0902,female,high_school,yes,yes,5.6,68,38,19,7.8,1,2.0,0.0,45,F,1,0
S0903,female,no_education,yes,no,7.4,86,56,56,8.1,5,0.0,6.4,57,D,0,1
S0904,male,bachelors,yes,yes,2.5,73,39,61,7.8,5,3.1,3.5,46,F,1,0
S0905,male,bachelors,yes,no,6.5,65,77,54,5.8,2,0.0,2.7,53,D,0,1
S0906,female,some_college,yes,no,6.2,100,78,72,6.4,1,0.0,5.1,56,D,0,1
S0907,female,bachelors,yes,no,4.7,62,34,87,7.0,2,0.0,3.2,35,F,1,0
S0908,male,bachelors,yes,no,5.7,76,89,93,7.0,3,0.0,5.0,63,C,0,1
S0909,male,bachelors,no,yes,7.1,85,100,84,7.9,4,2.8,4.9,65,C,0,1
S0910,female,masters,yes,yes,6.7,51,66,69,4.6,1,1.6,1.1,44,F,1,0
S0911,male,high_school,yes,no,2.7,82,53,80,7.4,5,0.0,3.7,46,F,1,0
S0912,male,high_school,yes,yes,6.6,59,100,75,6.7,2,2.7,5.6,58,D,0,1
S0913,male,some_college,yes,yes,4.9,87,41,95,6.0,5,3.0,1.5,60,C,0,1
S0914,female,high_school,yes,no,5.1,61,65,89,6.1,1,0.0,1.5,48,F,1,0
S0915,female,bachelors,yes,no,5.1,85,68,80,6.7,5,0.0,1.8,64,C,0,1
S0916,female,masters,no,no,4.7,92,89,64,3.0,2,0.0,4.3,58,D,0,1
S0917,female,no_education,yes,yes,7.4,88,71,57,6.2,2,1.6,3.4,66,C,0,1
S0918,female,high_school,yes,no,4.8,79,56,62,5.9,0,0.0,0.1,53,D,0,1
S0919,female,some_college,yes,yes,2.8,72,48,70,7.6,5,1.3,3.5,42,F,1,0
S0920,female,masters,yes,yes,4.2,66,59,87,6.0,0,1.0,2.6,59,D,0,1
S0921,male,some_college,yes,no,5.4,97,47,90,6.7,0,0.0,2.8,54,D,0,1
S0922,male,bachelors,yes,no,7.5,65,66,78,8.9,5,0.0,1.7,56,D,0,1
S0923,male,no_education,yes,no,6.2,59,55,70,8.2,1,0.0,3.5,46,F,1,0
S0924,male,high_school,yes,yes,3.3,85,38,76,8.1,3,1.5,4.6,48,F,1,0
S0925,male,masters,yes,no,10.0,63,88,72,6.4,2,0.0,2.0,69,C,0,1
S0926,male,masters,no,no,5.5,61,56,63,7.7,4,0.0,0.5,42,F,1,0
S0927,male,no_education,yes,no,7.6,53,42,35,6.7,0,0.0,2.5,41,F,1,0
S0928,female,masters,no,no,4.7,68,62,68,6.8,1,0.0,4.1,50,D,0,1
S0929,female,bachelors,yes,no,6.1,74,66,88,7.5,5,0.0,2.4,59,D,0,1
S0930,male,masters,no,no,6.7,79,34,68,6.3,1,0.0,0.8,44,F,1,0
S0931,male,some_college,yes,no,7.4,89,71,71,8.8,1,0.0,4.1,57,D,0,1
S0932,female,bachelors,no,no,7.1,83,46,88,6.8,5,0.0,5.1,55,D,0,1
S0933,male,some_college,no,no,6.7,72,96,86,7.7,4,0.0,3.0,60,C,0,1
S0934,male,bachelors,yes,no,4.4,72,74,57,8.7,5,0.0,0.6,54,D,0,1
S0935,female,high_school,no,no,3.9,83,58,93,8.2,4,0.0,2.5,50,D,0,1
S0936,male,no_education,yes,no,5.7,94,52,93,5.3,5,0.0,3.2,48,F,1,0
S0937,female,some_college,yes,yes,6.9,77,63,53,7.5,0,1.6,1.8,51,D,0,1
S0938,male,bachelors,yes,no,4.6,68,76,63,8.0,4,0.0,3.9,56,D,0,1
S0939,female,high_school,yes,no,7.1,60,65,97,8.1,0,0.0,1.6,50,D,0,1
S0940,female,bachelors,yes,no,7.9,53,61,76,5.7,4,0.0,3.0,47,F,1,0
S0941,female,masters,yes,yes,3.2,85,66,38,6.2,4,1.1,2.7,48,F,1,0
S0942,male,high_school,yes,no,3.3,84,54,45,8.2,5,0.0,3.9,43,F,1,0
S0943,female,bachelors,yes,yes,4.7,84,59,74,6.1,4,2.5,3.0,63,C,0,1
S0944,male,some_college,no,no,5.6,73,27,53,6.6,0,0.0,2.7,30,F,1,0
S0945,male,masters,yes,no,4.0,96,83,74,8.9,5,0.0,1.8,72,C,0,1
S0946,male,high_school,yes,no,7.7,68,70,74,6.9,2,0.0,3.1,54,D,0,1
S0947,male,bachelors,yes,no,5.8,89,51,100,6.1,0,0.0,2.6,53,D,0,1
S0948,female,bachelors,yes,no,5.1,74,99,73,5.9,2,0.0,1.7,65,C,0,1
S0949,female,masters,yes,no,2.1,66,67,100,7.4,1,0.0,3.2,51,D,0,1
S0950,male,bachelors,yes,yes,2.4,84,46,100,5.4,5,1.6,3.5,48,F,1,0
S0951,male,some_college,yes,no,5.6,81,80,100,6.7,1,0.0,2.5,64,C,0,1
S0952,female,bachelors,no,no,0.7,80,72,85,7.4,5,0.0,4.4,50,D,0,1
S0953,male,masters,yes,no,7.0,76,72,43,8.6,5,0.0,3.4,56,D,0,1
S0954,female,bachelors,yes,no,4.7,74,57,88,7.8,0,0.0,1.1,57,D,0,1
S0955,male,no_education,yes,no,11.5,100,73,91,6.1,2,0.0,5.0,65,C,0,1
S0956,male,masters,yes,yes,9.6,93,60,80,8.4,5,1.6,4.2,63,C,0,1
S0957,female,bachelors,yes,no,4.6,86,75,100,6.6,2,0.0,4.5,58,D,0,1
S0958,male,bachelors,yes,no,4.8,77,31,96,5.5,5,0.0,3.6,40,F,1,0
S0959,female,high_school,yes,no,7.0,90,57,84,6.8,2,0.0,0.0,59,D,0,1
S0960,male,bachelors,yes,no,8.4,83,96,100,8.7,1,0.0,4.6,75,B,0,1
S0961,male,some_college,no,yes,1.7,75,51,83,7.2,0,0.7,3.1,32,F,1,0
S0962,male,bachelors,no,yes,1.4,70,54,29,7.0,5,1.6,3.5,35,F,1,0
S0963,female,high_school,yes,no,3.8,74,57,63,9.0,3,0.0,3.8,44,F,1,0
S0964,male,bachelors,yes,no,6.2,30,43,100,5.3,2,0.0,5.9,34,F,1,0
S0965,male,masters,yes,yes,6.0,78,25,66,5.5,2,2.3,2.2,37,F,1,0
S0966,male,no_education,yes,no,7.1,68,61,66,5.1,3,0.0,2.2,47,F,1,0
S0967,male,masters,yes,no,2.6,99,67,61,7.4,0,0.0,1.7,54,D,0,1
S0968,female,some_college,yes,no,0.4,75,64,100,7.2,2,0.0,1.4,47,F,1,0
S0969,female,masters,yes,no,6.7,57,62,100,8.9,0,0.0,1.4,44,F,1,0
S0970,male,bachelors,yes,yes,3.3,74,66,61,7.3,2,0.7,0.2,50,D,0,1
S0971,female,bachelors,yes,yes,1.0,59,83,82,6.5,4,2.9,3.6,46,F,1,0
S0972,male,bachelors,no,no,5.3,82,62,65,7.0,2,0.0,6.0,50,D,0,1
S0973,male,masters,no,no,6.6,79,55,94,7.1,4,0.0,6.1,57,D,0,1
S0974,male,some_college,yes,no,4.8,89,60,86,5.0,5,0.0,1.7,55,D,0,1
S0975,female,some_college,yes,no,4.1,63,75,92,10.3,0,0.0,2.6,53,D,0,1
S0976,female,bachelors,no,no,4.7,76,90,86,7.6,2,0.0,4.9,58,D,0,1
S0977,female,bachelors,yes,no,4.3,55,54,100,7.3,1,0.0,3.6,49,F,1,0
S0978,female,bachelors,yes,no,2.3,86,67,58,7.7,1,0.0,3.2,58,D,0,1
S0979,female,bachelors,yes,no,3.6,83,71,45,7.9,3,0.0,2.6,55,D,0,1
S0980,female,some_college,yes,no,6.0,82,47,68,6.8,1,0.0,4.8,50,D,0,1
S0981,female,bachelors,yes,yes,5.6,75,65,48,6.2,4,2.4,1.4,55,D,0,1
S0982,female,high_school,no,no,5.3,81,39,43,7.7,1,0.0,3.7,43,F,1,0
S0983,female,bachelors,no,yes,3.0,99,33,59,7.5,1,1.5,3.5,50,D,0,1
S0984,male,no_education,yes,no,4.6,71,72,52,6.0,1,0.0,3.1,52,D,0,1
S0985,female,some_college,yes,no,0.6,77,58,57,8.7,2,0.0,4.2,46,F,1,0
S0986,female,some_college,no,no,5.4,59,69,86,7.4,3,0.0,3.1,49,F,1,0
S0987,female,some_college,yes,no,7.9,62,65,66,7.9,0,0.0,2.2,54,D,0,1
S0988,female,bachelors,no,yes,2.1,76,47,75,8.7,3,2.1,3.1,43,F,1,0
S0989,female,some_college,yes,yes,3.8,92,64,94,7.0,4,2.2,0.6,54,D,0,1
S0990,female,some_college,yes,no,5.7,71,43,61,7.4,2,0.0,3.9,51,D,0,1
S0991,female,high_school,yes,yes,7.5,71,90,68,8.0,5,1.6,4.3,55,D,0,1
S0992,female,some_college,yes,no,4.1,69,41,83,6.1,2,0.0,2.0,46,F,1,0
S0993,female,high_school,yes,no,3.6,67,61,34,7.1,1,0.0,1.7,44,F,1,0
S0994,female,high_school,yes,no,1.1,79,46,25,7.2,1,0.0,2.1,36,F,1,0
S0995,female,bachelors,yes,no,5.2,53,75,86,5.9,4,0.0,2.9,53,D,0,1
S0996,male,bachelors,yes,yes,9.1,94,59,89,9.8,5,1.6,3.3,67,C,0,1
S0997,male,bachelors,yes,no,5.6,65,56,100,5.3,2,0.0,5.4,43,F,1,0
S0998,female,some_college,no,no,5.0,86,80,79,5.4,5,0.0,5.2,64,C,0,1
S0999,female,some_college,no,yes,5.6,56,66,92,8.6,0,3.1,4.2,47,F,1,0
S1000,male,masters,yes,no,5.0,85,74,78,7.9,3,0.0,3.2,73,C,0,1
